/ershoufang/shinan/,闽江苑 |闽江路|3室1厅 | 125.08平米 | 南 北 | 简装 | 中楼层(共6层) | 1997年建 | 板楼,2人关注 / 15天以前发布,289,"23,106元/平","['近地铁', 'VR看装修', '房本满五年', '随时看房']","['3室1厅1厨1卫', '中楼层 (共6层)', '125.08㎡', '平层', '111.33㎡', '板楼', '南 北', '砖混结构', '简装', '一梯两户', '集中供暖', '无']","['2023-09-24', '商品房', '2003-06-14', '普通住宅', '满五年', '非共有', '\n                                无抵押\n                              ', '已上传房本照片']"
/ershoufang/shinan/,鹏程花园 |远洋广场|2室1厅 | 83平米 | 南 | 精装 | 高楼层(共24层) | 1996年建 | 板楼,1人关注 / 4天以前发布,139,"16,747元/平","['近地铁', 'VR看装修', '房本满五年', '随时看房']","['2室1厅1厨1卫', '高楼层 (共24层)', '83㎡', '平层', '暂无数据', '板楼', '南', '钢混结构', '精装', '两梯十八户', '集中供暖', '有']","['2023-10-05', '商品房', '2017-10-06', '普通住宅', '满五年', '共有', '\n                                无抵押\n                              ', '已上传房本照片']"
/ershoufang/shinan/,交运山庄 |福安|3室1厅 | 116.35平米 | 南 | 精装 | 中楼层(共5层) | 2004年建 | 板楼,6人关注 / 18天以前发布,349,"29,996元/平","['近地铁', 'VR房源', '房本满五年', '随时看房']","['3室1厅1厨1卫', '中楼层 (共5层)', '116.35㎡', '平层', '暂无数据', '板楼', '南', '混合结构', '精装', '一梯两户', '集中供暖', '无']","['2023-09-21', '商品房', '2008-01-04', '普通住宅', '满五年', '非共有', '\n                                有抵押 360万元 浙商银行 金融公司垫资\n                              ', '已上传房本照片']"
/ershoufang/shinan/,中环国际广场 |远洋广场|1室1厅 | 63平米 | 南 | 精装 | 低楼层(共30层) | 2007年建 | 板楼,0人关注 / 4天以前发布,115,"18,254元/平","['近地铁', 'VR看装修', '房本满五年', '随时看房']","['1室1厅1厨1卫', '低楼层 (共30层)', '63㎡', '平层', '暂无数据', '板楼', '南', '钢混结构', '精装', '三梯十一户', '集中供暖', '有']","['2023-10-06', '商品房', '2017-10-05', '普通住宅', '满五年', '非共有', '\n                                无抵押\n                              ', '已上传房本照片']"
/ershoufang/shinan/,辛家庄三小区（三明路） |辛家庄|2室1厅 | 67.04平米 | 南 | 简装 | 中楼层(共7层) | 1987年建 | 板楼,0人关注 / 4天以前发布,119,"17,751元/平","['VR看装修', '房本满五年', '随时看房']","['2室1厅1厨1卫', '中楼层 (共7层)', '67.04㎡', '平层', '暂无数据', '板楼', '南', '砖混结构', '简装', '一梯三户', '集中供暖', '无']","['2023-10-06', '已购公房', '1998-03-21', '普通住宅', '满五年', '非共有', '\n                                无抵押\n                              ', '已上传房本照片']"
/ershoufang/shinan/,江西路（市南东区） |辛家庄|2室1厅 | 56.01平米 | 南 北 | 精装 | 低楼层(共6层) | 2000年建 | 板楼,1人关注 / 7天以前发布,125,"22,318元/平","['近地铁', 'VR看装修', '房本满两年']","['2室1厅1厨1卫', '低楼层 (共6层)', '56.01㎡', '平层', '暂无数据', '板楼', '南 北', '钢混结构', '精装', '一梯三户', '集中供暖', '无']","['2023-10-03', '商品房', '2018-11-09', '普通住宅', '满两年', '共有', '\n                                无抵押\n                              ', '已上传房本照片']"
/ershoufang/shinan/,贵州路 |团岛|3室0厅 | 56.32平米 | 东南 南 | 精装 | 中楼层(共7层)  | 板楼,0人关注 / 5天以前发布,110,"19,532元/平","['近地铁', 'VR房源', '房本满两年']","['3室0厅1厨1卫', '中楼层 (共7层)', '56.32㎡', '平层', '49.89㎡', '板楼', '东南 南', '混合结构', '精装', '一梯九户', '集中供暖', '无']","['2023-10-05', '商品房', '2021-07-05', '普通住宅', '满两年', '共有', '\n                                无抵押\n                              ', '已上传房本照片']"
/ershoufang/shinan/,鲁信长乐花园 |远洋广场|2室2厅 | 107.4平米 | 南 北 | 精装 | 高楼层(共11层) | 2001年建 | 板楼,0人关注 / 29天以前发布,360,"33,520元/平","['近地铁', 'VR房源', '房本满五年', '随时看房']","['2室2厅1厨1卫', '高楼层 (共11层)', '107.4㎡', '平层', '89.65㎡', '板楼', '南 北', '砖混结构', '精装', '一梯两户', '集中供暖', '有']","['2023-09-11', '商品房', '2008-12-11', '普通住宅', '满五年', '非共有', '\n                                无抵押\n                              ', '已上传房本照片']"
/ershoufang/shinan/,国际城名苑 |田家花园|2室2厅 | 99.41平米 | 南 北 | 精装 | 低楼层(共17层) | 2008年建 | 板楼,4人关注 / 21天以前发布,269,"27,060元/平","['近地铁', 'VR看装修', '房本满五年', '随时看房']","['2室2厅1厨1卫', '低楼层 (共17层)', '99.41㎡', '平层', '79.3㎡', '板楼', '南 北', '钢混结构', '精装', '三梯八户', '集中供暖', '有']","['2023-09-19', '商品房', '2016-04-14', '普通住宅', '满五年', '非共有', '\n                                无抵押\n                              ', '已上传房本照片']"
/ershoufang/shinan/,田家花园B区 |田家花园|2室1厅 | 61.71平米 | 南 北 | 其他 | 低楼层(共6层) | 1999年建 | 板楼,0人关注 / 28天以前发布,160,"25,928元/平","['近地铁', 'VR看装修', '房本满五年', '随时看房']","['2室1厅1厨1卫', '低楼层 (共6层)', '61.71㎡', '平层', '53.57㎡', '板楼', '南 北', '混合结构', '其他', '一梯三户', '集中供暖', '无']","['2023-09-12', '商品房', '2006-07-31', '普通住宅', '满五年', '非共有', '\n                                无抵押\n                              ', '已上传房本照片']"
/ershoufang/shinan/,银川美居 |天山银海|1室1厅 | 59平米 | 南 | 精装 | 高楼层(共6层) | 2009年建 | 板楼,1人关注 / 19天以前发布,168,"28,475元/平","['VR看装修', '房本满五年', '随时看房']","['1室1厅1厨1卫', '高楼层 (共6层)', '59㎡', '平层', '暂无数据', '板楼', '南', '钢混结构', '精装', '一梯两户', '集中供暖', '无']","['2023-09-21', '商品房', '2017-06-07', '普通住宅', '满五年', '非共有', '\n                                无抵押\n                              ', '已上传房本照片']"
/ershoufang/shinan/,新贵都一期 |新贵都|3室3厅 | 149.12平米 | 南 北 | 精装 | 高楼层(共7层) | 2003年建 | 板楼,2人关注 / 24天以前发布,430,"28,836元/平","['近地铁', 'VR房源', '房本满五年']","['3室3厅1厨2卫', '高楼层 (共7层)', '149.12㎡', '跃层', '131.08㎡', '板楼', '南 北', '混合结构', '精装', '一梯两户', '集中供暖', '无']","['2023-09-16', '商品房', '2005-12-20', '普通住宅', '满五年', '非共有', '\n                                无抵押\n                              ', '已上传房本照片']"
/ershoufang/shinan/,福苑小区东区 |远洋广场|2室1厅 | 81.25平米 | 南 北 | 简装 | 低楼层(共7层) | 1999年建 | 板楼,0人关注 / 5天以前发布,234,"28,800元/平","['近地铁', 'VR看装修', '房本满五年']","['2室1厅1厨1卫', '低楼层 (共7层)', '81.25㎡', '平层', '72.39㎡', '板楼', '南 北', '混合结构', '简装', '一梯两户', '集中供暖', '无']","['2023-10-05', '商品房', '2003-01-07', '普通住宅', '满五年', '非共有', '\n                                无抵押\n                              ', '已上传房本照片']"
/ershoufang/shinan/,掖县路散盘 |大学路|2室1厅 | 58.51平米 | 南 | 精装 | 低楼层(共6层) | 1994年建 | 板楼,1人关注 / 11天以前发布,280,"47,856元/平","['近地铁', 'VR房源', '房本满五年']","['2室1厅1厨1卫', '低楼层 (共6层)', '58.51㎡', '平层', '44.71㎡', '板楼', '南', '钢混结构', '精装', '一梯五户', '集中供暖', '无']","['2023-09-29', '商品房', '2013-07-17', '普通住宅', '满五年', '非共有', '\n                                有抵押 40万元 中国银行 业主自还\n                              ', '已上传房本照片']"
/ershoufang/shinan/,华丽广场 |远洋广场|3室2厅 | 161.46平米 | 南 | 简装 | 高楼层(共19层) | 2001年建 | 板塔结合,0人关注 / 12天以前发布,390,"24,155元/平","['近地铁', 'VR看装修', '随时看房']","['3室2厅2厨1卫', '高楼层 (共19层)', '161.46㎡', '平层', '暂无数据', '板塔结合', '南', '混合结构', '简装', '一梯三户', '集中供暖', '有']","['2023-09-27', '商品房', '2023-08-01', '普通住宅', '未满两年', '共有', '\n                                无抵押\n                              ', '已上传房本照片']"
/ershoufang/shinan/,中海银海1号 |天山银海|3室2厅 | 124.9平米 | 南 北 | 精装 | 高楼层(共16层) | 2011年建 | 板楼,11人关注 / 1个月以前发布,299,"23,940元/平","['VR房源', '房本满五年', '随时看房']","['3室2厅1厨2卫', '高楼层 (共16层)', '124.9㎡', '平层', '暂无数据', '板楼', '南 北', '钢混结构', '精装', '两梯三户', '集中供暖', '有']","['2023-08-25', '商品房', '2016-08-25', '普通住宅', '满五年', '共有', '\n                                无抵押\n                              ', '已上传房本照片']"
/ershoufang/shinan/,深业大厦 |新贵都|3室1厅 | 133.65平米 | 东 | 简装 | 低楼层(共29层) | 1997年建 | 塔楼,12人关注 / 6个月以前发布,100,"7,483元/平","['近地铁', 'VR看装修', '房本满五年', '随时看房']","['3室1厅1厨1卫', '低楼层 (共29层)', '133.65㎡', '平层', '103.67㎡', '塔楼', '东', '钢混结构', '简装', '三梯九户', '集中供暖', '有']","['2023-03-13', '商品房', '2001-03-14', '普通住宅', '满五年', '非共有', '\n                                无抵押\n                              ', '已上传房本照片']"
/ershoufang/shinan/,盐城路 |湛山|3室2厅 | 139.82平米 | 南 北 | 精装 | 中楼层(共6层) | 1999年建 | 板楼,12人关注 / 6个月以前发布,385,"27,536元/平","['近地铁', 'VR房源', '房本满五年', '随时看房']","['3室2厅1厨2卫', '中楼层 (共6层)', '139.82㎡', '平层', '127.29㎡', '板楼', '南 北', '混合结构', '精装', '一梯两户', '集中供暖', '无']","['2023-03-09', '商品房', '2012-09-04', '普通住宅', '满五年', '非共有', '\n                                有抵押 50万元 招商银行 业主自还\n                              ', '已上传房本照片']"
/ershoufang/shinan/,天虹花园 |辛家庄|3室2厅 | 80.07平米 | 南 | 精装 | 低楼层(共7层) | 1998年建 | 板楼,2人关注 / 5个月以前发布,246,"30,724元/平","['近地铁', 'VR房源', '房本满两年', '随时看房']","['3室2厅1厨1卫', '低楼层 (共7层)', '80.07㎡', '平层', '71.03㎡', '板楼', '南', '混合结构', '精装', '一梯两户', '集中供暖', '无']","['2023-04-09', '商品房', '2018-10-17', '普通住宅', '满两年', '非共有', '\n                                无抵押\n                              ', '已上传房本照片']"
/ershoufang/shinan/,天虹花园 |辛家庄|3室2厅 | 104.73平米 | 南 北 | 精装 | 中楼层(共7层) | 1999年建 | 板楼,57人关注 / 一年前发布,310,"29,600元/平","['近地铁', 'VR看装修', '房本满五年', '随时看房']","['3室2厅1厨2卫', '中楼层 (共7层)', '104.73㎡', '平层', '97.16㎡', '板楼', '南 北', '混合结构', '精装', '一梯三户', '集中供暖', '无']","['2021-07-13', '商品房', '2003-07-04', '普通住宅', '满五年', '非共有', '\n                                无抵押\n                              ', '已上传房本照片']"
/ershoufang/shinan/,银禧苑 |北仲|3室2厅 | 146.63平米 | 西南 | 简装 | 低楼层(共25层) | 2003年建 | 塔楼,3人关注 / 一年前发布,248,"16,914元/平","['VR房源', '房本满五年', '随时看房']","['3室2厅1厨2卫', '低楼层 (共25层)', '146.63㎡', '平层', '113.59㎡', '塔楼', '西南', '钢混结构', '简装', '两梯七户', '自供暖', '有']","['2022-08-21', '商品房', '2013-08-09', '普通住宅', '满五年', '非共有', '\n                                无抵押\n                              ', '已上传房本照片']"
/ershoufang/shinan/,鲁商首府一期 |奥帆中心|3室2厅 | 155.32平米 | 南 | 精装 | 低楼层(共32层) | 2012年建 | 板楼,38人关注 / 一年前发布,580,"37,343元/平","['近地铁', 'VR房源', '房本满五年', '随时看房']","['3室2厅1厨2卫', '低楼层 (共32层)', '155.32㎡', '平层', '116.76㎡', '板楼', '南', '钢混结构', '精装', '两梯两户', '集中供暖', '有']","['2021-10-16', '商品房', '2014-04-15', '普通住宅', '满五年', '共有', '\n                                无抵押\n                              ', '已上传房本照片']"
/ershoufang/shinan/,碧海花园(市南) |麦岛|3室2厅 | 159.5平米 | 东 南 北 | 精装 | 中楼层(共21层) | 2004年建 | 板楼,59人关注 / 一年前发布,475,"29,781元/平","['近地铁', 'VR看装修', '房本满两年', '随时看房']","['3室2厅1厨2卫', '中楼层 (共21层)', '159.5㎡', '平层', '132.01㎡', '板楼', '东 南 北', '钢混结构', '精装', '两梯四户', '集中供暖', '有']","['2022-04-10', '商品房', '2019-04-08', '普通住宅', '满两年', '非共有', '\n                                无抵押\n                              ', '已上传房本照片']"
/ershoufang/shinan/,云霄路 |闽江路|3室1厅 | 111.54平米 | 南 | 简装 | 高楼层(共7层) | 1997年建 | 板楼,13人关注 / 6个月以前发布,186,"16,676元/平","['近地铁', 'VR看装修', '房本满五年', '随时看房']","['3室1厅1厨1卫', '高楼层 (共7层)', '111.54㎡', '暂无数据', '暂无数据', '板楼', '南', '砖混结构', '简装', '一梯三户', '集中供暖', '无']","['2023-03-18', '商品房', '2017-04-21', '普通住宅', '满五年', '非共有', '\n                                无抵押\n                              ', '已上传房本照片']"
/ershoufang/shinan/,新贵都二期 |新贵都|3室2厅 | 113.71平米 | 南 北 | 精装 | 中楼层(共13层) | 2002年建 | 板楼,7人关注 / 4个月以前发布,328,"28,846元/平","['近地铁', 'VR看装修', '房本满五年', '随时看房']","['3室2厅1厨1卫', '中楼层 (共13层)', '113.71㎡', '平层', '暂无数据', '板楼', '南 北', '钢混结构', '精装', '一梯三户', '集中供暖', '有']","['2023-06-05', '商品房', '2010-11-03', '普通住宅', '满五年', '非共有', '\n                                无抵押\n                              ', '已上传房本照片']"
/ershoufang/shinan/,海信璞园 |天山银海|2室1厅 | 90.48平米 | 南 | 精装 | 高楼层(共24层) | 2011年建 | 板楼,9人关注 / 3个月以前发布,215,"23,763元/平","['VR房源', '房本满五年', '随时看房']","['2室1厅1厨2卫', '高楼层 (共24层)', '90.48㎡', '跃层', '70.98㎡', '板楼', '南', '钢混结构', '精装', '两梯九户', '集中供暖', '有']","['2023-06-10', '商品房', '2016-06-06', '普通住宅', '满五年', '非共有', '\n                                无抵押\n                              ', '已上传房本照片']"
/ershoufang/shinan/,芝泉山庄 |湛山|3室2厅 | 123.77平米 | 南 北 | 精装 | 高楼层(共6层) | 1998年建 | 板楼,4人关注 / 4个月以前发布,408,"32,965元/平","['近地铁', 'VR看装修', '房本满五年', '随时看房']","['3室2厅1厨2卫', '高楼层 (共6层)', '123.77㎡', '平层', '暂无数据', '板楼', '南 北', '砖混结构', '精装', '一梯两户', '集中供暖', '无']","['2023-06-03', '已购公房', '2003-04-26', '普通住宅', '满五年', '非共有', '\n                                无抵押\n                              ', '已上传房本照片']"
/ershoufang/shinan/,吴兴一路 |福安|2室1厅 | 50.43平米 | 南 | 简装 | 中楼层(共6层) | 1990年建 | 板楼,4人关注 / 9个月以前发布,89,"17,649元/平","['近地铁', 'VR看装修', '房本满五年', '随时看房']","['2室1厅1厨1卫', '中楼层 (共6层)', '50.43㎡', '平层', '暂无数据', '板楼', '南', '砖混结构', '简装', '一梯四户', '集中供暖', '无']","['2023-01-03', '商品房', '2008-12-05', '普通住宅', '满五年', '非共有', '\n                                无抵押\n                              ', '已上传房本照片']"
/ershoufang/shinan/,辛家庄二小区（南平路） |辛家庄|2室1厅 | 54.87平米 | 南 | 简装 | 中楼层(共7层) | 1986年建 | 板楼,3人关注 / 21天以前发布,96,"17,496元/平","['近地铁', 'VR看装修', '房本满五年', '随时看房']","['2室1厅1厨1卫', '中楼层 (共7层)', '54.87㎡', '平层', '暂无数据', '板楼', '南', '砖混结构', '简装', '一梯四户', '集中供暖', '无']","['2023-09-19', '已购公房', '暂无数据', '普通住宅', '暂无数据', '非共有', '\n                                无抵押\n                              ', '未上传房本照片']"
/ershoufang/shinan/,福苑小区东区 |远洋广场|3室1厅 | 81.7平米 | 南 北 | 简装 | 低楼层(共7层) | 1999年建 | 板楼,0人关注 / 4天以前发布,223,"27,295元/平","['近地铁', 'VR看装修']","['3室1厅1厨1卫', '低楼层 (共7层)', '81.7㎡', '平层', '暂无数据', '板楼', '南 北', '混合结构', '简装', '一梯两户', '集中供暖', '无']","['2023-10-06', '商品房', '暂无数据', '普通住宅', '暂无数据', '非共有', '\n                                无抵押\n                              ', '未上传房本照片']"
/ershoufang/shibei/,中海寰宇天下天赋 |水清沟|3室1厅 | 111.17平米 | 南 | 精装 | 低楼层(共27层) | 2018年建 | 板楼,1人关注 / 7天以前发布,238,"21,409元/平","['VR看装修', '房本满两年', '随时看房']","['3室1厅1厨2卫', '低楼层 (共27层)', '111.17㎡', '平层', '暂无数据', '板楼', '南', '钢混结构', '精装', '一梯两户', '集中供暖', '有']","['2023-10-03', '商品房', '2019-08-29', '普通住宅', '满两年', '共有', '\n                                有抵押 60万元\n                              ', '已上传房本照片']"
/ershoufang/shibei/,万科城多伦多街区 |新都心|3室1厅 | 88.4平米 | 南 西 北 | 精装 | 中楼层(共31层) | 2014年建 | 板楼,3人关注 / 4天以前发布,253,"28,620元/平","['近地铁', 'VR看装修', '房本满五年', '随时看房']","['3室1厅1厨1卫', '中楼层 (共31层)', '88.4㎡', '平层', '67.9㎡', '板楼', '南 西 北', '钢混结构', '精装', '两梯四户', '集中供暖', '有']","['2023-10-06', '商品房', '2015-10-26', '普通住宅', '满五年', '非共有', '\n                                无抵押\n                              ', '已上传房本照片']"
/ershoufang/shibei/,蓝光黑钻公馆 |海云庵|6室2厅 | 131.93平米 | 南 北 | 精装 | 高楼层(共24层) | 2019年建 | 板楼,7人关注 / 29天以前发布,365,"27,667元/平","['VR房源', '房本满两年', '随时看房']","['6室2厅1厨3卫', '高楼层 (共24层)', '131.93㎡', '复式', '暂无数据', '板楼', '南 北', '钢混结构', '精装', '一梯两户', '集中供暖', '有']","['2023-09-11', '商品房', '2020-03-26', '普通住宅', '满两年', '非共有', '\n                                有抵押 200万元 青岛银行 业主自还\n                              ', '已上传房本照片']"
/ershoufang/shibei/,佰仕达花园 |台东|5室4厅 | 80.44平米 | 南 北 | 精装 | 高楼层(共6层) | 2005年建 | 板楼,3人关注 / 17天以前发布,229,"28,469元/平","['VR房源', '房本满五年', '随时看房']","['5室4厅1厨2卫', '高楼层 (共6层)', '80.44㎡', '复式', '暂无数据', '板楼', '南 北', '混合结构', '精装', '一梯两户', '集中供暖', '无']","['2023-09-23', '商品房', '2006-07-24', '普通住宅', '满五年', '非共有', '\n                                无抵押\n                              ', '已上传房本照片']"
/ershoufang/shibei/,龙湖春江郦城二期 |万科广场|3室1厅 | 100.03平米 | 南 北 | 精装 | 低楼层(共19层) | 2020年建 | 板楼,1人关注 / 5天以前发布,229,"22,894元/平","['近地铁', 'VR房源', '房本满两年', '随时看房']","['3室1厅1厨1卫', '低楼层 (共19层)', '100.03㎡', '平层', '暂无数据', '板楼', '南 北', '钢混结构', '精装', '三梯五户', '集中供暖', '有']","['2023-10-05', '商品房', '2020-12-13', '普通住宅', '满两年', '非共有', '\n                                有抵押 140万元\n                              ', '已上传房本照片']"
/ershoufang/shibei/,海信缤纷都市 |新都心|4室2厅 | 101.53平米 | 南 西 北 | 精装 | 高楼层(共7层) | 2006年建 | 板楼,19人关注 / 一年前发布,265,"26,101元/平","['近地铁', 'VR看装修', '房本满两年']","['4室2厅1厨2卫', '高楼层 (共7层)', '101.53㎡', '暂无数据', '暂无数据', '板楼', '南 西 北', '混合结构', '精装', '一梯两户', '集中供暖', '无']","['2021-04-21', '商品房', '2020-12-02', '普通住宅', '满两年', '共有', '\n                                无抵押\n                              ', '已上传房本照片']"
/ershoufang/shibei/,泰成玲珑郡 |河西|2室2厅 | 86.1平米 | 南 | 精装 | 低楼层(共18层) | 2017年建 | 板楼,0人关注 / 2天以前发布,178,"20,674元/平","['近地铁', 'VR看装修', '房本满两年', '随时看房']","['2室2厅1厨1卫', '低楼层 (共18层)', '86.1㎡', '平层', '暂无数据', '板楼', '南', '钢混结构', '精装', '两梯四户', '集中供暖', '有']","['2023-10-07', '商品房', '2019-01-30', '普通住宅', '满两年', '非共有', '\n                                有抵押 70万元 农业银行 客户偿还\n                              ', '已上传房本照片']"
/ershoufang/shibei/,伊春路 |错埠岭|3室1厅 | 74.53平米 | 南 北 | 简装 | 高楼层(共6层) | 1987年建 | 板楼,2人关注 / 7天以前发布,108,"14,491元/平","['VR房源', '房本满五年']","['3室1厅1厨1卫', '高楼层 (共6层)', '74.53㎡', '平层', '68.14㎡', '板楼', '南 北', '混合结构', '简装', '一梯四户', '集中供暖', '无']","['2023-10-03', '商品房', '2016-03-11', '普通住宅', '满五年', '非共有', '\n                                无抵押\n                              ', '已上传房本照片']"
/ershoufang/shibei/,新侨花园 |合肥路佳世客|2室2厅 | 95.25平米 | 南 北 | 精装 | 高楼层(共18层) | 2009年建 | 板楼,1人关注 / 4天以前发布,196,"20,578元/平","['近地铁', 'VR房源', '房本满五年']","['2室2厅1厨1卫', '高楼层 (共18层)', '95.25㎡', '平层', '74.52㎡', '板楼', '南 北', '钢混结构', '精装', '一梯三户', '集中供暖', '有']","['2023-10-06', '商品房', '2011-01-10', '普通住宅', '满五年', '非共有', '\n                                无抵押\n                              ', '已上传房本照片']"
/ershoufang/shibei/,城投悦动湾 |欢乐滨海城|3室2厅 | 109.61平米 | 南 | 精装 | 低楼层(共18层) | 2020年建 | 板楼,0人关注 / 4天以前发布,285,"26,002元/平","['VR看装修', '房本满两年']","['3室2厅1厨1卫', '低楼层 (共18层)', '109.61㎡', '平层', '暂无数据', '板楼', '南', '钢混结构', '精装', '两梯两户', '集中供暖', '有']","['2023-10-05', '商品房', '2021-02-01', '普通住宅', '满两年', '共有', '\n                                无抵押\n                              ', '已上传房本照片']"
/ershoufang/shibei/,兴隆家园 |海云庵|3室2厅 | 86.39平米 | 南 北 | 精装 | 中楼层(共6层) | 2005年建 | 板楼,1人关注 / 7天以前发布,153,"17,711元/平","['VR看装修', '房本满五年']","['3室2厅1厨1卫', '中楼层 (共6层)', '86.39㎡', '平层', '77.62㎡', '板楼', '南 北', '钢混结构', '精装', '一梯两户', '集中供暖', '无']","['2023-10-03', '商品房', '2015-09-30', '普通住宅', '满五年', '共有', '\n                                有抵押 43万元\n                              ', '已上传房本照片']"
/ershoufang/shibei/,顺兴路散盘 |台东|2室1厅 | 59.21平米 | 东南 | 其他 | 低楼层(共8层) | 2000年建 | 板楼,0人关注 / 2天以前发布,150,"25,334元/平","['近地铁', 'VR看装修', '房本满五年', '随时看房']","['2室1厅1厨1卫', '低楼层 (共8层)', '59.21㎡', '平层', '52.85㎡', '板楼', '东南', '钢混结构', '其他', '一梯三户', '集中供暖', '无']","['2023-10-08', '商品房', '2018-02-28', '普通住宅', '满五年', '共有', '\n                                有抵押 18万元 建设银行 业主自还\n                              ', '已上传房本照片']"
/ershoufang/shibei/,金隅和府毓和府 |北仲|3室2厅 | 124.65平米 | 东 南 北 | 其他 | 高楼层(共22层) | 2018年建 | 板楼,3人关注 / 9天以前发布,368,"29,523元/平","['VR房源', '房本满两年', '随时看房']","['3室2厅1厨2卫', '高楼层 (共22层)', '124.65㎡', '平层', '92.01㎡', '板楼', '东 南 北', '钢混结构', '其他', '一梯两户', '集中供暖', '有']","['2023-10-01', '商品房', '2019-06-17', '普通住宅', '满两年', '非共有', '\n                                无抵押\n                              ', '已上传房本照片']"
/ershoufang/shibei/,福岭小区 |福州北路|4室2厅 | 85.42平米 | 南 | 简装 | 中楼层(共8层) | 2002年建 | 板楼,3人关注 / 5个月以前发布,276,"32,311元/平","['近地铁', 'VR房源', '房本满五年', '随时看房']","['4室2厅1厨2卫', '中楼层 (共8层)', '85.42㎡', '复式', '76.72㎡', '板楼', '南', '混合结构', '简装', '一梯两户', '集中供暖', '有']","['2023-04-14', '商品房', '2003-02-17', '普通住宅', '满五年', '非共有', '\n                                无抵押\n                              ', '已上传房本照片']"
/ershoufang/shibei/,抚顺路11号小区 |理工大学|2室1厅 | 54.85平米 | 南 | 简装 | 中楼层(共8层) | 1995年建 | 板楼,3人关注 / 14天以前发布,83,"15,133元/平","['近地铁', 'VR看装修', '房本满五年', '随时看房']","['2室1厅1厨1卫', '中楼层 (共8层)', '54.85㎡', '平层', '暂无数据', '板楼', '南', '混合结构', '简装', '一梯三户', '集中供暖', '无']","['2023-09-26', '商品房', '2002-10-05', '普通住宅', '满五年', '非共有', '\n                                无抵押\n                              ', '已上传房本照片']"
/ershoufang/shibei/,万科未来城 |万科广场|2室1厅 | 84.75平米 | 南 北 | 精装 | 低楼层(共18层) | 2018年建 | 板楼,7人关注 / 10天以前发布,155,"18,290元/平","['近地铁', 'VR房源', '房本满两年', '随时看房']","['2室1厅1厨1卫', '低楼层 (共18层)', '84.75㎡', '平层', '暂无数据', '板楼', '南 北', '钢混结构', '精装', '两梯四户', '集中供暖', '有']","['2023-09-30', '商品房', '2019-01-31', '普通住宅', '满两年', '非共有', '\n                                无抵押\n                              ', '已上传房本照片']"
/ershoufang/shibei/,绿地阅海府邸 |欢乐滨海城|2室1厅 | 86.3平米 | 南 | 精装 | 中楼层(共27层) | 2015年建 | 板楼,3人关注 / 11天以前发布,139,"16,107元/平","['VR房源', '房本满五年', '随时看房']","['2室1厅1厨1卫', '中楼层 (共27层)', '86.3㎡', '平层', '暂无数据', '板楼', '南', '钢混结构', '精装', '两梯四户', '集中供暖', '有']","['2023-09-28', '商品房', '2018-09-29', '普通住宅', '满五年', '非共有', '\n                                有抵押 49万元 公积金 业主自还\n                              ', '已上传房本照片']"
/ershoufang/shibei/,保利里院里二期 |海云庵|4室1厅 | 140.38平米 | 南 北 | 精装 | 低楼层(共9层) | 2013年建 | 板楼,4人关注 / 12天以前发布,370,"26,358元/平","['近地铁', 'VR看装修', '房本满五年']","['4室1厅1厨2卫', '低楼层 (共9层)', '140.38㎡', '平层', '121.31㎡', '板楼', '南 北', '钢混结构', '精装', '一梯两户', '集中供暖', '有']","['2023-09-28', '商品房', '2017-06-19', '普通住宅', '满五年', '非共有', '\n                                有抵押 70万元 中国银行\n                              ', '已上传房本照片']"
/ershoufang/shibei/,黄山路 |榉林公园|3室1厅 | 98.75平米 | 南 北 | 简装 | 中楼层(共7层) | 1995年建 | 板楼,0人关注 / 11天以前发布,228,"23,089元/平","['近地铁', 'VR看装修', '房本满五年']","['3室1厅1厨1卫', '中楼层 (共7层)', '98.75㎡', '平层', '91.25㎡', '板楼', '南 北', '混合结构', '简装', '一梯五户', '集中供暖', '无']","['2023-09-29', '商品房', '2017-09-22', '普通住宅', '满五年', '非共有', '\n                                无抵押\n                              ', '已上传房本照片']"
/ershoufang/shibei/,万科未来城 |万科广场|3室2厅 | 89.44平米 | 南 北 | 精装 | 低楼层(共19层) | 2018年建 | 板楼,11人关注 / 13天以前发布,166,"18,560元/平","['近地铁', 'VR看装修', '房本满两年']","['3室2厅1厨1卫', '低楼层 (共19层)', '89.44㎡', '平层', '68.15㎡', '板楼', '南 北', '钢混结构', '精装', '两梯四户', '集中供暖', '有']","['2023-09-26', '商品房', '2021-09-30', '普通住宅', '满两年', '非共有', '\n                                有抵押 金融公司垫资\n                              ', '已上传房本照片']"
/ershoufang/shibei/,诸城路19-31（单号） |台东|2室0厅 | 53.71平米 | 南 北 | 精装 | 高楼层(共8层) | 1993年建 | 板楼,0人关注 / 2天以前发布,57,"10,613元/平","['近地铁', 'VR房源', '房本满五年']","['2室0厅1厨1卫', '高楼层 (共8层)', '53.71㎡', '平层', '46.26㎡', '板楼', '南 北', '混合结构', '精装', '一梯三户', '集中供暖', '无']","['2023-10-08', '商品房', '2013-03-12', '普通住宅', '满五年', '非共有', '\n                                有抵押 10万元 中国工商银行 业主自还\n                              ', '已上传房本照片']"
/ershoufang/shibei/,万科未来城 |万科广场|3室2厅 | 88.63平米 | 南 | 精装 | 高楼层(共18层) | 2018年建 | 板楼,3人关注 / 1个月以前发布,198,"22,341元/平","['近地铁', 'VR看装修', '房本满两年', '随时看房']","['3室2厅1厨1卫', '高楼层 (共18层)', '88.63㎡', '平层', '67.89㎡', '板楼', '南', '钢混结构', '精装', '两梯四户', '集中供暖', '有']","['2023-09-08', '商品房', '2019-04-03', '普通住宅', '满两年', '非共有', '\n                                无抵押\n                              ', '已上传房本照片']"
/ershoufang/shibei/,万科新都会1907 |河西|3室2厅 | 129.28平米 | 南 北 | 精装 | 中楼层(共17层) | 2020年建 | 板楼,2人关注 / 29天以前发布,426,"32,952元/平","['近地铁', 'VR看装修', '房本满两年', '随时看房']","['3室2厅1厨2卫', '中楼层 (共17层)', '129.28㎡', '平层', '101㎡', '板楼', '南 北', '钢混结构', '精装', '两梯两户', '集中供暖', '有']","['2023-09-11', '商品房', '2020-11-28', '普通住宅', '满两年', '非共有', '\n                                无抵押\n                              ', '已上传房本照片']"
/ershoufang/shibei/,金沙·山海景园 |保利百合|2室2厅 | 89.39平米 | 南 北 | 其他 | 低楼层(共6层) | 2009年建 | 板楼,0人关注 / 28天以前发布,169,"18,906元/平","['VR房源', '房本满两年', '随时看房']","['2室2厅1厨1卫', '低楼层 (共6层)', '89.39㎡', '平层', '暂无数据', '板楼', '南 北', '钢混结构', '其他', '两梯两户', '集中供暖', '有']","['2023-09-12', '拆迁还建房', '2021-04-21', '普通住宅', '满两年', '共有', '\n                                无抵押\n                              ', '已上传房本照片']"
/ershoufang/shibei/,华能郡府 |海云庵|3室2厅 | 84.29平米 | 南 北 | 毛坯 | 中楼层(共7层)  | 板楼,2人关注 / 17天以前发布,235,"27,880元/平","['近地铁', 'VR看装修', '房本满两年', '随时看房']","['3室2厅1厨1卫', '中楼层 (共7层)', '84.29㎡', '平层', '暂无数据', '板楼', '南 北', '钢混结构', '毛坯', '两梯三户', '集中供暖', '有']","['2023-09-23', '商品房', '2021-07-16', '普通住宅', '满两年', '非共有', '\n                                无抵押\n                              ', '已上传房本照片']"
/ershoufang/shibei/,海尔小区 |海泊河|3室1厅 | 78.75平米 | 东 西 | 其他 | 低楼层(共7层) | 1998年建 | 板楼,0人关注 / 17天以前发布,122,"15,493元/平","['近地铁', 'VR看装修', '房本满五年', '随时看房']","['3室1厅1厨1卫', '低楼层 (共7层)', '78.75㎡', '平层', '暂无数据', '板楼', '东 西', '砖混结构', '其他', '一梯三户', '集中供暖', '无']","['2023-09-22', '商品房', '2006-05-29', '普通住宅', '满五年', '非共有', '\n                                无抵押\n                              ', '已上传房本照片']"
/ershoufang/shibei/,万科东第 |四方实验小区|2室2厅 | 85.85平米 | 南 北 | 精装 | 低楼层(共22层) | 2017年建 | 板楼,0人关注 / 29天以前发布,215,"25,044元/平","['近地铁', 'VR看装修', '房本满两年', '随时看房']","['2室2厅1厨1卫', '低楼层 (共22层)', '85.85㎡', '平层', '68.96㎡', '板楼', '南 北', '钢混结构', '精装', '两梯五户', '集中供暖', '有']","['2023-09-11', '商品房', '2018-12-12', '普通住宅', '满两年', '非共有', '\n                                无抵押\n                              ', '已上传房本照片']"
/ershoufang/shibei/,海尔小区 |海泊河|2室1厅 | 63.53平米 | 东南 | 简装 | 中楼层(共7层) | 1998年建 | 板楼,3人关注 / 18天以前发布,80,"12,593元/平","['近地铁', 'VR房源', '房本满五年', '随时看房']","['2室1厅1厨1卫', '中楼层 (共7层)', '63.53㎡', '平层', '暂无数据', '板楼', '东南', '砖混结构', '简装', '一梯三户', '集中供暖', '无']","['2023-09-21', '商品房', '2017-09-15', '普通住宅', '满五年', '非共有', '\n                                无抵押\n                              ', '已上传房本照片']"
/ershoufang/shibei/,诸城路19-31（单号） |台东|2室0厅 | 52.29平米 | 南 北 | 简装 | 中楼层(共8层) | 1993年建 | 板楼,1人关注 / 30天以前发布,70,"13,387元/平","['近地铁', 'VR房源', '房本满两年', '随时看房']","['2室0厅1厨1卫', '中楼层 (共8层)', '52.29㎡', '平层', '暂无数据', '板楼', '南 北', '混合结构', '简装', '一梯三户', '集中供暖', '无']","['2023-09-10', '商品房', '2019-01-11', '普通住宅', '满两年', '非共有', '\n                                无抵押\n                              ', '已上传房本照片']"
/ershoufang/shibei/,绿地阅海府邸 |欢乐滨海城|2室1厅 | 86.29平米 | 南 | 精装 | 低楼层(共27层) | 2015年建 | 板楼,6人关注 / 29天以前发布,132,"15,298元/平","['VR看装修', '房本满两年', '随时看房']","['2室1厅1厨1卫', '低楼层 (共27层)', '86.29㎡', '平层', '暂无数据', '板楼', '南', '钢混结构', '精装', '两梯四户', '集中供暖', '有']","['2023-09-11', '商品房', '2018-11-21', '普通住宅', '满两年', '非共有', '\n                                有抵押 72万元 建设银行 客户偿还\n                              ', '已上传房本照片']"
/ershoufang/licang/,新城香溢紫郡二期 |世园会|3室1厅 | 89.64平米 | 南 | 精装 | 高楼层(共26层) | 2017年建 | 板楼,1人关注 / 7天以前发布,188,"20,973元/平","['VR房源', '房本满两年', '随时看房']","['3室1厅1厨1卫', '高楼层 (共26层)', '89.64㎡', '平层', '65.67㎡', '板楼', '南', '钢混结构', '精装', '两梯三户', '集中供暖', '有']","['2023-10-03', '商品房', '2021-09-09', '普通住宅', '满两年', '非共有', '\n                                有抵押 70万元\n                              ', '已上传房本照片']"
/ershoufang/licang/,新城香溢紫郡二期 |世园会|3室1厅 | 86.94平米 | 南 北 | 精装 | 中楼层(共22层) | 2017年建 | 板楼,1人关注 / 7天以前发布,185,"21,280元/平","['VR看装修', '房本满两年', '随时看房']","['3室1厅1厨1卫', '中楼层 (共22层)', '86.94㎡', '平层', '66.85㎡', '板楼', '南 北', '钢混结构', '精装', '两梯四户', '集中供暖', '有']","['2023-10-03', '商品房', '2019-01-30', '普通住宅', '满两年', '非共有', '\n                                有抵押 70万元 建设银行 业主自还\n                              ', '已上传房本照片']"
/ershoufang/licang/,新城香溢紫郡二期 |世园会|3室2厅 | 87.77平米 | 南 | 精装 | 低楼层(共30层) | 2017年建 | 板楼,0人关注 / 6天以前发布,185,"21,078元/平","['VR房源', '房本满五年', '随时看房']","['3室2厅1厨1卫', '低楼层 (共30层)', '87.77㎡', '平层', '65.58㎡', '板楼', '南', '钢混结构', '精装', '两梯三户', '集中供暖', '有']","['2023-10-04', '商品房', '2017-05-04', '普通住宅', '满五年', '非共有', '\n                                无抵押\n                              ', '已上传房本照片']"
/ershoufang/licang/,中南熙悦 |十梅庵|3室2厅 | 111.04平米 | 东 南 北 | 简装 | 高楼层(共29层) | 2019年建 | 板楼,0人关注 / 8天以前发布,222,"19,993元/平","['近地铁', 'VR看装修', '房本满五年', '随时看房']","['3室2厅1厨2卫', '高楼层 (共29层)', '111.04㎡', '平层', '暂无数据', '板楼', '东 南 北', '钢混结构', '简装', '两梯三户', '集中供暖', '有']","['2023-10-02', '拆迁还建房', '2018-08-16', '普通住宅', '满五年', '非共有', '\n                                有抵押 20万元 农业银行 业主自还\n                              ', '已上传房本照片']"
/ershoufang/licang/,海尔鼎世华府C区 |河南|3室1厅 | 95.87平米 | 西 | 精装 | 22层 | 2016年建 | 板楼,0人关注 / 6天以前发布,201,"20,966元/平","['VR房源', '房本满五年', '随时看房']","['3室1厅1厨1卫', '中楼层 (共22层)', '95.87㎡', '平层', '74.27㎡', '板楼', '西', '钢混结构', '精装', '两梯四户', '集中供暖', '有']","['2023-10-04', '商品房', '2017-07-04', '普通住宅', '满五年', '非共有', '\n                                有抵押 100万元 中信 业主自还\n                              ', '已上传房本照片']"
/ershoufang/licang/,阳光香蜜湖 |沧口公园|2室2厅 | 79.52平米 | 南 北 | 简装 | 低楼层(共11层) | 2015年建 | 板楼,3人关注 / 6天以前发布,150,"18,864元/平","['近地铁', 'VR房源', '房本满五年', '随时看房']","['2室2厅1厨1卫', '低楼层 (共11层)', '79.52㎡', '平层', '65.39㎡', '板楼', '南 北', '钢混结构', '简装', '一梯三户', '集中供暖', '有']","['2023-10-03', '商品房', '2017-01-26', '普通住宅', '满五年', '非共有', '\n                                有抵押 30万元 建设银行 业主自还\n                              ', '已上传房本照片']"
/ershoufang/licang/,海尔鼎世华府C区 |河南|3室1厅 | 97.01平米 | 南 北 | 精装 | 22层 | 2016年建 | 板楼,1人关注 / 12天以前发布,199,"20,514元/平","['VR看装修', '房本满五年', '随时看房']","['3室1厅1厨1卫', '低楼层 (共22层)', '97.01㎡', '平层', '暂无数据', '板楼', '南 北', '钢混结构', '精装', '两梯四户', '集中供暖', '有']","['2023-09-28', '商品房', '暂无数据', '普通住宅', '暂无数据', '共有', '\n                                无抵押\n                              ', '未上传房本照片']"
/ershoufang/licang/,融创都会中心 |下王埠|4室2厅 | 162.68平米 | 南 | 精装 | 低楼层(共24层) | 2020年建 | 板楼,3人关注 / 5天以前发布,398,"24,466元/平","['VR房源', '房本满两年']","['4室2厅1厨2卫', '低楼层 (共24层)', '162.68㎡', '平层', '128.18㎡', '板楼', '南', '钢混结构', '精装', '两梯四户', '集中供暖', '有']","['2023-10-04', '商品房', '2021-08-02', '普通住宅', '满两年', '非共有', '\n                                无抵押\n                              ', '已上传房本照片']"
/ershoufang/licang/,蓝山湾二期 |十梅庵|3室2厅 | 88.21平米 | 东 南 北 | 精装 | 16层 | 2014年建 | 板楼,1人关注 / 7天以前发布,175,"19,840元/平","['VR看装修', '房本满五年']","['3室2厅1厨1卫', '高楼层 (共16层)', '88.21㎡', '平层', '暂无数据', '板楼', '东 南 北', '钢混结构', '精装', '两梯两户', '集中供暖', '有']","['2023-10-02', '商品房', '2017-06-07', '普通住宅', '满五年', '非共有', '\n                                有抵押 36万元\n                              ', '已上传房本照片']"
/ershoufang/licang/,福临万家一期A区 |枣儿山|3室1厅 | 117.09平米 | 南 | 简装 | 12层 | 2008年建 | 板楼,0人关注 / 3天以前发布,245,"20,925元/平","['近地铁', 'VR房源', '房本满两年']","['3室1厅1厨2卫', '高楼层 (共12层)', '117.09㎡', '平层', '暂无数据', '板楼', '南', '混合结构', '简装', '一梯两户', '集中供暖', '有']","['2023-10-07', '商品房', '2018-11-09', '普通住宅', '满两年', '非共有', '\n                                无抵押\n                              ', '已上传房本照片']"
/ershoufang/licang/,绿城理想之城-蓝庭F区 |绿城|3室2厅 | 116.08平米 | 南 西 北 | 精装 | 中楼层(共17层) | 2009年建 | 板楼,5人关注 / 24天以前发布,235,"20,245元/平","['VR看装修', '房本满五年', '随时看房']","['3室2厅1厨1卫', '中楼层 (共17层)', '116.08㎡', '平层', '90.34㎡', '板楼', '南 西 北', '钢混结构', '精装', '两梯三户', '集中供暖', '有']","['2023-09-16', '商品房', '2010-12-28', '普通住宅', '满五年', '共有', '\n                                有抵押 10万元 邮政\n                              ', '已上传房本照片']"
/ershoufang/licang/,百通馨苑四区 |下王埠|2室1厅 | 73.04平米 | 南 | 精装 | 高楼层(共10层) | 2006年建 | 板楼,0人关注 / 16天以前发布,135,"18,484元/平","['VR房源', '房本满五年', '随时看房']","['2室1厅1厨1卫', '高楼层 (共10层)', '73.04㎡', '平层', '60.57㎡', '板楼', '南', '钢混结构', '精装', '一梯三户', '集中供暖', '有']","['2023-09-23', '商品房', '2007-02-10', '普通住宅', '满五年', '非共有', '\n                                有抵押 5万元\n                              ', '已上传房本照片']"
/ershoufang/licang/,中南熙悦 |十梅庵|3室1厅 | 112.25平米 | 南 西 北 | 精装 | 中楼层(共28层) | 2019年建 | 板楼,3人关注 / 29天以前发布,195,"17,372元/平","['近地铁', 'VR看装修', '房本满两年', '随时看房']","['3室1厅1厨2卫', '中楼层 (共28层)', '112.25㎡', '平层', '80.5㎡', '板楼', '南 西 北', '钢混结构', '精装', '两梯三户', '集中供暖', '有']","['2023-09-11', '商品房', '2020-10-12', '普通住宅', '满两年', '非共有', '\n                                无抵押\n                              ', '已上传房本照片']"
/ershoufang/licang/,万科生态城三期 |世园会|2室1厅 | 84.31平米 | 南 | 其他 | 高楼层(共22层) | 2017年建 | 板楼,0人关注 / 2天以前发布,165,"19,571元/平","['VR房源', '房本满五年', '随时看房']","['2室1厅1厨1卫', '高楼层 (共22层)', '84.31㎡', '平层', '64.1㎡', '板楼', '南', '钢混结构', '其他', '两梯四户', '集中供暖', '有']","['2023-10-08', '商品房', '2018-05-24', '普通住宅', '满五年', '非共有', '\n                                无抵押\n                              ', '已上传房本照片']"
/ershoufang/licang/,中南熙悦 |十梅庵|3室2厅 | 110.89平米 | 南 北 | 精装 | 高楼层(共26层) | 2019年建 | 板楼,1人关注 / 6天以前发布,206,"18,577元/平","['近地铁', 'VR看装修', '房本满两年']","['3室2厅1厨2卫', '高楼层 (共26层)', '110.89㎡', '平层', '80.34㎡', '板楼', '南 北', '钢混结构', '精装', '两梯四户', '集中供暖', '有']","['2023-10-04', '商品房', '2021-04-08', '普通住宅', '满两年', '非共有', '\n                                无抵押\n                              ', '已上传房本照片']"
/ershoufang/licang/,虎山花苑E区 |李村公园|2室1厅 | 66.43平米 | 南 北 | 精装 | 中楼层(共8层) | 2004年建 | 板楼,2人关注 / 11天以前发布,121,"18,215元/平","['近地铁', 'VR房源', '房本满五年', '随时看房']","['2室1厅1厨1卫', '中楼层 (共8层)', '66.43㎡', '平层', '57.95㎡', '板楼', '南 北', '混合结构', '精装', '一梯两户', '集中供暖', '无']","['2023-09-28', '商品房', '2017-09-28', '普通住宅', '满五年', '共有', '\n                                有抵押 60万元 客户偿还\n                              ', '已上传房本照片']"
/ershoufang/licang/,中海国际社区一里城 |枣儿山|2室1厅 | 90.8平米 | 南 北 | 精装 | 31层 | 2014年建 | 板楼,4人关注 / 12天以前发布,165,"18,172元/平","['VR房源', '房本满五年', '随时看房']","['2室1厅1厨1卫', '高楼层 (共31层)', '90.8㎡', '平层', '暂无数据', '板楼', '南 北', '钢混结构', '精装', '两梯四户', '集中供暖', '有']","['2023-09-28', '商品房', '2018-01-18', '普通住宅', '满五年', '非共有', '\n                                有抵押 10万元\n                              ', '已上传房本照片']"
/ershoufang/licang/,青岛中海玫瑰庭院 |世园会|2室2厅 | 86.7平米 | 南 | 精装 | 6层  | 板楼,2人关注 / 13天以前发布,179,"20,646元/平","['近地铁', 'VR看装修', '房本满两年', '随时看房']","['2室2厅1厨1卫', '高楼层 (共6层)', '86.7㎡', '平层', '暂无数据', '板楼', '南', '钢混结构', '精装', '一梯两户', '集中供暖', '无']","['2023-09-27', '商品房', '2019-03-22', '普通住宅', '满两年', '非共有', '\n                                无抵押\n                              ', '已上传房本照片']"
/ershoufang/licang/,中南世纪城三期 |十梅庵|2室1厅 | 79.37平米 | 南 北 | 精装 | 高楼层(共30层) | 2017年建 | 板楼,2人关注 / 10天以前发布,120,"15,120元/平","['近地铁', 'VR看装修', '房本满五年', '随时看房']","['2室1厅1厨1卫', '高楼层 (共30层)', '79.37㎡', '平层', '暂无数据', '板楼', '南 北', '钢混结构', '精装', '两梯四户', '集中供暖', '有']","['2023-09-30', '商品房', '2018-05-29', '普通住宅', '满五年', '非共有', '\n                                无抵押\n                              ', '已上传房本照片']"
/ershoufang/licang/,浮山路 |枣儿山|2室1厅 | 74.3平米 | 南 北 | 精装 | 中楼层(共7层) | 1997年建 | 板楼,0人关注 / 7天以前发布,95,"12,787元/平","['VR房源', '房本满五年']","['2室1厅1厨1卫', '中楼层 (共7层)', '74.3㎡', '平层', '64.56㎡', '板楼', '南 北', '混合结构', '精装', '一梯两户', '集中供暖', '无']","['2023-10-02', '商品房', '2009-03-02', '普通住宅', '满五年', '共有', '\n                                无抵押\n                              ', '已上传房本照片']"
/ershoufang/licang/,北苑风景小区 |青岛北站|3室1厅 | 87.34平米 | 南 北 | 精装 | 高楼层(共6层)  | 板楼,0人关注 / 8天以前发布,158,"18,091元/平","['VR看装修', '房本满两年']","['3室1厅1厨1卫', '高楼层 (共6层)', '87.34㎡', '平层', '76.75㎡', '板楼', '南 北', '钢混结构', '精装', '一梯两户', '集中供暖', '无']","['2023-10-01', '商品房', '2020-07-23', '普通住宅', '满两年', '非共有', '\n                                无抵押\n                              ', '已上传房本照片']"
/ershoufang/licang/,百通花园 |河南|2室1厅 | 87.96平米 | 南 北 | 精装 | 7层 | 2000年建 | 板楼,0人关注 / 3天以前发布,139,"15,803元/平","['近地铁', 'VR房源', '房本满五年']","['2室1厅1厨1卫', '中楼层 (共7层)', '87.96㎡', '平层', '79.56㎡', '板楼', '南 北', '混合结构', '精装', '一梯两户', '集中供暖', '无']","['2023-10-07', '商品房', '2014-10-10', '普通住宅', '满五年', '非共有', '\n                                无抵押\n                              ', '已上传房本照片']"
/ershoufang/licang/,万科生态城三期 |世园会|3室1厅 | 102.91平米 | 南 北 | 其他 | 低楼层(共25层) | 2017年建 | 板楼,2人关注 / 29天以前发布,232,"22,544元/平","['VR房源', '房本满两年', '随时看房']","['3室1厅1厨1卫', '低楼层 (共25层)', '102.91㎡', '平层', '78.25㎡', '板楼', '南 北', '钢混结构', '其他', '两梯四户', '集中供暖', '有']","['2023-09-11', '商品房', '2019-03-08', '普通住宅', '满两年', '共有', '\n                                有抵押 80万元 工商银行 业主自还\n                              ', '已上传房本照片']"
/ershoufang/licang/,适园雅居 |世园会|3室2厅 | 109.19平米 | 南 北 | 毛坯 | 中楼层(共8层) | 2015年建 | 板楼,1人关注 / 29天以前发布,185,"16,943元/平","['VR看装修', '房本满两年', '随时看房']","['3室2厅1厨1卫', '中楼层 (共8层)', '109.19㎡', '平层', '暂无数据', '板楼', '南 北', '混合结构', '毛坯', '一梯两户', '集中供暖', '无']","['2023-09-11', '商品房', '2019-06-05', '普通住宅', '满两年', '非共有', '\n                                有抵押 150万元\n                              ', '已上传房本照片']"
/ershoufang/licang/,万科生态城二期 |世园会|3室1厅 | 94.54平米 | 南 北 | 其他 | 高楼层(共13层) | 2017年建 | 板楼,0人关注 / 29天以前发布,218,"23,060元/平","['VR房源', '房本满五年', '随时看房']","['3室1厅1厨1卫', '高楼层 (共13层)', '94.54㎡', '平层', '暂无数据', '板楼', '南 北', '钢混结构', '其他', '一梯两户', '集中供暖', '有']","['2023-09-10', '商品房', '2018-01-14', '普通住宅', '满五年', '共有', '\n                                有抵押\n                              ', '已上传房本照片']"
/ershoufang/licang/,馨苑小区 |下王埠|4室2厅 | 100.74平米 | 南 | 简装 | 高楼层(共7层) | 2004年建 | 板楼,61人关注 / 一年前发布,143,"14,195元/平","['VR房源', '房本满五年', '随时看房']","['4室2厅2厨2卫', '高楼层 (共7层)', '100.74㎡', '复式', '90.68㎡', '板楼', '南', '钢混结构', '简装', '一梯两户', '集中供暖', '无']","['2021-01-28', '商品房', '2008-08-31', '普通住宅', '满五年', '非共有', '\n                                有抵押 20万元 中国银行 业主自还\n                              ', '已上传房本照片']"
/ershoufang/licang/,馨苑小区 |下王埠|4室2厅 | 97.7平米 | 南 北 | 精装 | 高楼层(共8层) | 2002年建 | 板楼,6人关注 / 一年前发布,155,"15,865元/平","['VR房源', '房本满五年', '随时看房']","['4室2厅1厨2卫', '高楼层 (共8层)', '97.7㎡', '复式', '暂无数据', '板楼', '南 北', '混合结构', '精装', '一梯两户', '集中供暖', '无']","['2022-08-11', '商品房', '2016-12-28', '普通住宅', '满五年', '非共有', '\n                                有抵押 60万元 中信银行李沧路支行 业主自还\n                              ', '已上传房本照片']"
/ershoufang/licang/,北京城建龙樾湾 |东李|2室2厅 | 86.01平米 | 南 北 | 精装 | 高楼层(共34层) | 2018年建 | 板楼,1人关注 / 27天以前发布,166,"19,301元/平","['VR看装修', '房本满两年', '随时看房']","['2室2厅1厨1卫', '高楼层 (共34层)', '86.01㎡', '平层', '暂无数据', '板楼', '南 北', '钢混结构', '精装', '两梯四户', '集中供暖', '有']","['2023-09-12', '商品房', '2020-06-01', '普通住宅', '满两年', '共有', '\n                                有抵押 50万元 中信 业主自还\n                              ', '已上传房本照片']"
/ershoufang/licang/,青岛中海玫瑰庭院 |世园会|2室2厅 | 87.96平米 | 南 北 | 精装 | 低楼层(共6层) | 2014年建 | 板楼,1人关注 / 23天以前发布,177.6,"20,191元/平","['VR看装修', '房本满两年', '随时看房']","['2室2厅1厨1卫', '低楼层 (共6层)', '87.96㎡', '平层', '暂无数据', '板楼', '南 北', '钢混结构', '精装', '一梯两户', '集中供暖', '无']","['2023-09-17', '商品房', '2019-11-06', '普通住宅', '满两年', '非共有', '\n                                无抵押\n                              ', '已上传房本照片']"
/ershoufang/licang/,银座华府 |李村公园|1室1厅 | 67.26平米 | 西 | 精装 | 中楼层(共21层) | 2015年建 | 板楼,3人关注 / 27天以前发布,98,"14,571元/平","['近地铁', 'VR看装修', '房本满五年', '随时看房']","['1室1厅1厨1卫', '中楼层 (共21层)', '67.26㎡', '平层', '50.23㎡', '板楼', '西', '钢混结构', '精装', '两梯五户', '集中供暖', '有']","['2023-09-12', '商品房', '2016-07-18', '普通住宅', '满五年', '非共有', '\n                                无抵押\n                              ', '已上传房本照片']"
/ershoufang/laoshan/,世纪华庭 |北村|3室2厅 | 127.15平米 | 南 北 | 精装 | 中楼层(共6层) | 2003年建 | 板楼,1人关注 / 12天以前发布,388,"30,516元/平","['近地铁', 'VR看装修', '房本满五年', '随时看房']","['3室2厅1厨2卫', '中楼层 (共6层)', '127.15㎡', '平层', '113.99㎡', '板楼', '南 北', '混合结构', '精装', '一梯两户', '集中供暖', '无']","['2023-09-27', '商品房', '2016-07-26', '普通住宅', '满五年', '非共有', '\n                                无抵押\n                              ', '已上传房本照片']"
/ershoufang/laoshan/,鲁信长春花园 |国信体育场|2室2厅 | 135.51平米 | 南 北 | 精装 | 高楼层(共20层) | 2006年建 | 板楼,3人关注 / 7天以前发布,375,"27,674元/平","['VR看装修', '房本满两年']","['2室2厅1厨2卫', '高楼层 (共20层)', '135.51㎡', '平层', '104.71㎡', '板楼', '南 北', '钢混结构', '精装', '两梯三户', '集中供暖', '有']","['2023-10-03', '商品房', '2021-02-08', '普通住宅', '满两年', '非共有', '\n                                有抵押 180万元\n                              ', '已上传房本照片']"
/ershoufang/laoshan/,恩马文景园 |崂山CBD|5室2厅 | 115.8平米 | 南 北 | 精装 | 高楼层(共31层) | 2011年建 | 板楼,1人关注 / 29天以前发布,588,"50,778元/平","['近地铁', 'VR房源', '房本满五年']","['5室2厅1厨2卫', '高楼层 (共31层)', '115.8㎡', '复式', '94.67㎡', '板楼', '南 北', '钢混结构', '精装', '一梯三户', '集中供暖', '有']","['2023-09-11', '商品房', '2013-03-11', '普通住宅', '满五年', '非共有', '\n                                无抵押\n                              ', '已上传房本照片']"
/ershoufang/laoshan/,建飞花园一期 |雕塑园|4室2厅 | 97.31平米 | 南 北 | 简装 | 高楼层(共5层) | 1999年建 | 板楼,1人关注 / 25天以前发布,396,"40,695元/平","['近地铁', 'VR房源', '房本满五年', '随时看房']","['4室2厅1厨2卫', '高楼层 (共5层)', '97.31㎡', '复式', '86.78㎡', '板楼', '南 北', '混合结构', '简装', '一梯两户', '集中供暖', '无']","['2023-09-15', '商品房', '2017-05-12', '普通住宅', '满五年', '非共有', '\n                                有抵押 200万元\n                              ', '已上传房本照片']"
/ershoufang/laoshan/,海韵花园 |汽车东站|3室2厅 | 101.58平米 | 南 北 | 精装 | 中楼层(共19层) | 2007年建 | 板楼,2人关注 / 29天以前发布,299,"29,435元/平","['近地铁', 'VR看装修', '房本满两年', '随时看房']","['3室2厅1厨1卫', '中楼层 (共19层)', '101.58㎡', '平层', '81.46㎡', '板楼', '南 北', '钢混结构', '精装', '一梯两户', '集中供暖', '有']","['2023-09-11', '商品房', '2020-06-29', '普通住宅', '满两年', '共有', '\n                                无抵押\n                              ', '已上传房本照片']"
/ershoufang/laoshan/,中惠雅园 |崂山CBD|3室2厅 | 188.7平米 | 南 西 北 | 简装 | 高楼层(共18层) | 2004年建 | 塔楼,2人关注 / 26天以前发布,300,"15,899元/平","['近地铁', 'VR房源', '房本满五年', '随时看房']","['3室2厅1厨1卫', '高楼层 (共18层)', '188.7㎡', '平层', '148.83㎡', '塔楼', '南 西 北', '框架结构', '简装', '两梯四户', '集中供暖', '有']","['2023-09-14', '商品房', '2017-08-21', '普通住宅', '满五年', '非共有', '\n                                无抵押\n                              ', '已上传房本照片']"
/ershoufang/laoshan/,保利漫月山 |雕塑园|3室2厅 | 163.51平米 | 南 北 | 简装 | 中楼层(共17层) | 2016年建 | 板楼,0人关注 / 13天以前发布,1120,"68,498元/平","['近地铁', 'VR房源', '房本满五年', '随时看房']","['3室2厅1厨3卫', '中楼层 (共17层)', '163.51㎡', '平层', '130.32㎡', '板楼', '南 北', '钢混结构', '简装', '两梯两户', '集中供暖', '有']","['2023-09-27', '商品房', '2015-08-24', '普通住宅', '满五年', '非共有', '\n                                无抵押\n                              ', '已上传房本照片']"
/ershoufang/laoshan/,开泰锦城 |北村|2室2厅 | 93.22平米 | 南 北 | 精装 | 中楼层(共30层) | 2014年建 | 板楼,1人关注 / 3天以前发布,246,"26,390元/平","['近地铁', 'VR房源', '房本满五年', '随时看房']","['2室2厅1厨1卫', '中楼层 (共30层)', '93.22㎡', '平层', '暂无数据', '板楼', '南 北', '钢混结构', '精装', '两梯两户', '集中供暖', '有']","['2023-10-07', '商品房', '2017-03-01', '普通住宅', '满五年', '非共有', '\n                                有抵押 90万元 中信银行\n                              ', '已上传房本照片']"
/ershoufang/laoshan/,鲁信长春花园 |国信体育场|3室2厅 | 158.85平米 | 东 南 北 | 精装 | 中楼层(共18层) | 2008年建 | 板楼,8人关注 / 11天以前发布,415,"26,126元/平","['近地铁', 'VR房源', '房本满五年', '随时看房']","['3室2厅1厨2卫', '中楼层 (共18层)', '158.85㎡', '平层', '暂无数据', '板楼', '东 南 北', '钢混结构', '精装', '两梯四户', '集中供暖', '有']","['2023-09-28', '商品房', '2018-05-14', '普通住宅', '满五年', '非共有', '\n                                有抵押 340万元\n                              ', '已上传房本照片']"
/ershoufang/laoshan/,麒麟山庄 |沙子口|7室3厅 | 230.83平米 | 南 北 | 精装 | 中楼层(共4层) | 2005年建 | 板楼,40人关注 / 一年前发布,560,"24,261元/平","['VR房源', '房本满五年', '随时看房']","['7室3厅1厨4卫', '中楼层 (共4层)', '230.83㎡', '复式', '暂无数据', '板楼', '南 北', '钢混结构', '精装', '一梯两户', '集中供暖', '无']","['2022-06-28', '商品房', '2016-08-12', '普通住宅', '满五年', '非共有', '\n                                无抵押\n                              ', '已上传房本照片']"
/ershoufang/laoshan/,东岳海花园 |汽车东站|3室2厅 | 132.75平米 | 南 北 西 | 其他 | 高楼层(共21层) | 2007年建 | 板楼,3人关注 / 25天以前发布,375,"28,249元/平","['近地铁', 'VR房源', '房本满五年', '随时看房']","['3室2厅1厨2卫', '高楼层 (共21层)', '132.75㎡', '平层', '暂无数据', '板楼', '南 北 西', '框架结构', '其他', '两梯三户', '集中供暖', '有']","['2023-09-14', '商品房', '2008-07-18', '普通住宅', '满五年', '共有', '\n                                无抵押\n                              ', '已上传房本照片']"
/ershoufang/laoshan/,颐和星苑B区 |西姜|3室2厅 | 147.99平米 | 南 北 | 精装 | 高楼层(共12层) | 2009年建 | 塔楼,2人关注 / 4个月以前发布,518,"35,003元/平","['VR房源', '房本满两年', '随时看房']","['3室2厅1厨3卫', '高楼层 (共12层)', '147.99㎡', '复式', '125.34㎡', '塔楼', '南 北', '钢混结构', '精装', '一梯三户', '集中供暖', '有']","['2023-05-09', '商品房', '2018-10-18', '普通住宅', '满两年', '非共有', '\n                                有抵押 240万元 客户偿还\n                              ', '已上传房本照片']"
/ershoufang/laoshan/,百仕凯旋城 |汽车东站|2室1厅 | 88.98平米 | 南 | 精装 | 高楼层(共17层) | 2011年建 | 板楼,0人关注 / 23天以前发布,270,"30,344元/平","['近地铁', 'VR房源', '房本满两年', '随时看房']","['2室1厅1厨1卫', '高楼层 (共17层)', '88.98㎡', '平层', '72.41㎡', '板楼', '南', '钢混结构', '精装', '一梯三户', '集中供暖', '有']","['2023-09-16', '商品房', '2019-03-29', '普通住宅', '满两年', '非共有', '\n                                无抵押\n                              ', '已上传房本照片']"
/ershoufang/laoshan/,春光山色一期 |北村|3室2厅 | 137.99平米 | 南 | 精装 | 高楼层(共16层) | 2006年建 | 塔楼,0人关注 / 22天以前发布,350,"25,365元/平","['近地铁', 'VR房源', '房本满五年']","['3室2厅1厨2卫', '高楼层 (共16层)', '137.99㎡', '复式', '111.95㎡', '塔楼', '南', '钢混结构', '精装', '两梯六户', '集中供暖', '有']","['2023-09-18', '商品房', '2014-11-04', '普通住宅', '满五年', '共有', '\n                                有抵押\n                              ', '已上传房本照片']"
/ershoufang/laoshan/,海韵花园 |汽车东站|3室2厅 | 123.5平米 | 南 北 | 精装 | 低楼层(共16层) | 2007年建 | 板楼,2人关注 / 19天以前发布,360,"29,150元/平","['近地铁', 'VR房源', '房本满两年']","['3室2厅1厨2卫', '低楼层 (共16层)', '123.5㎡', '平层', '100.32㎡', '板楼', '南 北', '钢混结构', '精装', '一梯两户', '集中供暖', '有']","['2023-09-21', '商品房', '2020-08-28', '普通住宅', '满两年', '非共有', '\n                                无抵押\n                              ', '已上传房本照片']"
/ershoufang/laoshan/,金地悦峰 |国信体育场|3室2厅 | 130.4平米 | 南 北 | 精装 | 低楼层(共18层) | 2019年建 | 板楼,7人关注 / 27天以前发布,465,"35,660元/平","['近地铁', 'VR看装修', '房本满两年']","['3室2厅1厨2卫', '低楼层 (共18层)', '130.4㎡', '平层', '暂无数据', '板楼', '南 北', '钢混结构', '精装', '两梯三户', '集中供暖', '有']","['2023-09-13', '商品房', '2020-08-18', '普通住宅', '满两年', '非共有', '\n                                有抵押 180万元 农业银行 业主自还\n                              ', '已上传房本照片']"
/ershoufang/laoshan/,颐和星苑C区 |西姜|3室2厅 | 183.83平米 | 南 北 | 精装 | 低楼层(共4层) | 2010年建 | 塔楼,6人关注 / 26天以前发布,549,"29,865元/平","['VR房源', '房本满五年']","['3室2厅1厨2卫', '低楼层 (共4层)', '183.83㎡', '平层', '153.24㎡', '塔楼', '南 北', '钢混结构', '精装', '一梯两户', '集中供暖', '有']","['2023-09-14', '商品房', '2013-07-26', '普通住宅', '满五年', '共有', '\n                                无抵押\n                              ', '已上传房本照片']"
/ershoufang/laoshan/,爱琴海公寓 |石老人|4室3厅 | 132.04平米 | 南 北 | 精装 | 高楼层(共4层) | 2002年建 | 板楼,2人关注 / 1个月以前发布,520,"39,383元/平","['VR房源', '房本满五年']","['4室3厅1厨3卫', '高楼层 (共4层)', '132.04㎡', '复式', '120.95㎡', '板楼', '南 北', '混合结构', '精装', '一梯两户', '集中供暖', '无']","['2023-08-22', '商品房', '2013-01-29', '普通住宅', '满五年', '非共有', '\n                                无抵押\n                              ', '已上传房本照片']"
/ershoufang/laoshan/,桃源山色 |汽车东站|2室2厅 | 95.08平米 | 南 北 | 精装 | 低楼层(共11层) | 2011年建 | 板楼,2人关注 / 11天以前发布,330,"34,708元/平","['近地铁', 'VR看装修', '房本满五年']","['2室2厅1厨1卫', '低楼层 (共11层)', '95.08㎡', '平层', '78.7㎡', '板楼', '南 北', '钢混结构', '精装', '一梯三户', '集中供暖', '有']","['2023-09-29', '商品房', '2012-06-11', '普通住宅', '满五年', '非共有', '\n                                无抵押\n                              ', '已上传房本照片']"
/ershoufang/laoshan/,金岭花园A区 |崂山CBD|3室2厅 | 129.67平米 | 南 北 | 精装 | 低楼层(共7层) | 1997年建 | 板楼,0人关注 / 10天以前发布,480,"37,018元/平","['近地铁', 'VR看装修', '随时看房']","['3室2厅1厨2卫', '低楼层 (共7层)', '129.67㎡', '平层', '暂无数据', '板楼', '南 北', '砖混结构', '精装', '一梯两户', '集中供暖', '无']","['2023-09-30', '商品房', '暂无数据', '普通住宅', '暂无数据', '非共有', '\n                                有抵押 50万元 业主自还\n                              ', '未上传房本照片']"
/ershoufang/laoshan/,青铁华润城 |东韩|3室2厅 | 112.93平米 | 南 | 精装 | 高楼层(共11层)  | 板楼,9人关注 / 5个月以前发布,499,"44,187元/平","['近地铁', 'VR看装修', '房本满两年', '随时看房']","['3室2厅1厨2卫', '高楼层 (共11层)', '112.93㎡', '平层', '93.14㎡', '板楼', '南', '钢混结构', '精装', '一梯两户', '集中供暖', '有']","['2023-04-21', '商品房', '2020-11-03', '普通住宅', '满两年', '非共有', '\n                                有抵押 156万元\n                              ', '已上传房本照片']"
/ershoufang/laoshan/,世纪华庭 |北村|3室2厅 | 125.86平米 | 南 北 | 精装 | 高楼层(共12层) | 2004年建 | 板楼,4人关注 / 5个月以前发布,325,"25,823元/平","['近地铁', 'VR看装修', '房本满五年', '随时看房']","['3室2厅1厨2卫', '高楼层 (共12层)', '125.86㎡', '平层', '108.28㎡', '板楼', '南 北', '框架结构', '精装', '一梯三户', '集中供暖', '有']","['2023-04-21', '商品房', '2012-12-10', '普通住宅', '满五年', '非共有', '\n                                无抵押\n                              ', '已上传房本照片']"
/ershoufang/laoshan/,水木年华 |松山后|3室2厅 | 97平米 | 南 北 | 精装 | 高楼层(共6层) | 2006年建 | 板楼,13人关注 / 5个月以前发布,195,"20,104元/平","['VR房源', '房本满五年', '随时看房']","['3室2厅1厨2卫', '高楼层 (共6层)', '97㎡', '复式', '暂无数据', '板楼', '南 北', '混合结构', '精装', '一梯两户', '集中供暖', '无']","['2023-04-25', '商品房', '暂无数据', '普通住宅', '暂无数据', '非共有', '\n                                无抵押\n                              ', '未上传房本照片']"
/ershoufang/laoshan/,青铁华润城 |东韩|3室2厅 | 106.46平米 | 南 北 | 精装 | 高楼层(共32层) | 2019年建 | 板楼,32人关注 / 5个月以前发布,367,"34,474元/平","['近地铁', 'VR看装修', '房本满两年', '随时看房']","['3室2厅1厨2卫', '高楼层 (共32层)', '106.46㎡', '平层', '81.78㎡', '板楼', '南 北', '钢混结构', '精装', '一梯两户', '集中供暖', '有']","['2023-05-03', '商品房', '2020-11-03', '普通住宅', '满两年', '非共有', '\n                                有抵押 150万元\n                              ', '已上传房本照片']"
/ershoufang/laoshan/,青铁华润城 |东韩|3室1厅 | 106.46平米 | 南 北 | 精装 | 中楼层(共32层) | 2019年建 | 板楼,28人关注 / 10个月以前发布,385,"36,164元/平","['近地铁', 'VR看装修', '房本满两年', '随时看房']","['3室1厅1厨1卫', '中楼层 (共32层)', '106.46㎡', '平层', '81.78㎡', '板楼', '南 北', '钢混结构', '精装', '一梯两户', '集中供暖', '有']","['2022-11-22', '商品房', '2021-01-11', '普通住宅', '满两年', '非共有', '\n                                无抵押\n                              ', '已上传房本照片']"
/ershoufang/laoshan/,金光丽园 |北村|2室2厅 | 90.47平米 | 东 南 北 | 简装 | 中楼层(共11层) | 2012年建 | 板楼,1人关注 / 4个月以前发布,249,"27,523元/平","['近地铁', 'VR看装修', '房本满两年', '随时看房']","['2室2厅1厨1卫', '中楼层 (共11层)', '90.47㎡', '平层', '暂无数据', '板楼', '东 南 北', '钢混结构', '简装', '一梯三户', '集中供暖', '有']","['2023-06-04', '商品房', '2019-07-22', '普通住宅', '满两年', '非共有', '\n                                无抵押\n                              ', '已上传房本照片']"
/ershoufang/laoshan/,鲁商蓝岸丽舍曦园B6 |午山|2室2厅 | 106.13平米 | 南 | 精装 | 低楼层(共10层)  | 板楼,4人关注 / 6个月以前发布,319,"30,058元/平","['VR看装修', '房本满两年', '随时看房']","['2室2厅1厨1卫', '低楼层 (共10层)', '106.13㎡', '平层', '87.56㎡', '板楼', '南', '钢混结构', '精装', '一梯两户', '集中供暖', '有']","['2023-03-31', '商品房', '2019-09-06', '普通住宅', '满两年', '非共有', '\n                                无抵押\n                              ', '已上传房本照片']"
/ershoufang/laoshan/,领世华府 |雕塑园|3室2厅 | 175.77平米 | 东 南 西 | 精装 | 中楼层(共10层) | 2008年建 | 板楼,14人关注 / 11个月以前发布,776,"44,149元/平","['近地铁', 'VR看装修', '房本满五年', '随时看房']","['3室2厅1厨2卫', '中楼层 (共10层)', '175.77㎡', '平层', '149.69㎡', '板楼', '东 南 西', '钢混结构', '精装', '一梯三户', '集中供暖', '有']","['2022-11-01', '商品房', '2017-07-21', '普通住宅', '满五年', '非共有', '\n                                有抵押 500万元 业主自还\n                              ', '已上传房本照片']"
/ershoufang/laoshan/,金光丽园 |北村|3室1厅 | 121.18平米 | 南 | 精装 | 高楼层(共17层) | 2012年建 | 板楼,1人关注 / 4个月以前发布,388,"32,019元/平","['近地铁', 'VR看装修', '房本满五年', '随时看房']","['3室1厅1厨1卫', '高楼层 (共17层)', '121.18㎡', '平层', '98.06㎡', '板楼', '南', '钢混结构', '精装', '两梯三户', '集中供暖', '有']","['2023-06-05', '商品房', '2013-04-24', '普通住宅', '满五年', '非共有', '\n                                无抵押\n                              ', '已上传房本照片']"
/ershoufang/laoshan/,金地悦峰 |国信体育场|3室2厅 | 130.08平米 | 南 北 | 精装 | 高楼层(共18层) | 2019年建 | 板楼,3人关注 / 1个月以前发布,545,"41,898元/平","['近地铁', 'VR房源', '房本满两年', '随时看房']","['3室2厅1厨2卫', '高楼层 (共18层)', '130.08㎡', '平层', '暂无数据', '板楼', '南 北', '钢混结构', '精装', '两梯三户', '集中供暖', '有']","['2023-08-28', '商品房', '2020-12-01', '普通住宅', '满两年', '非共有', '\n                                无抵押\n                              ', '已上传房本照片']"
/ershoufang/huangdao/,世茂诺沙湾一期 |东方影都|3室2厅 | 121.14平米 | 南 北 | 简装 | 低楼层(共8层) | 2013年建 | 板楼,9人关注 / 一年前发布,168.8,"13,935元/平","['近地铁', 'VR房源', '房本满两年', '随时看房']","['3室2厅1厨1卫', '低楼层 (共8层)', '121.14㎡', '暂无数据', '暂无数据', '板楼', '南 北', '钢混结构', '简装', '一梯六户', '集中供暖', '有']","['2022-04-08', '商品房', '2019-04-04', '普通住宅', '满两年', '非共有', '\n                                无抵押\n                              ', '已上传房本照片']"
/ershoufang/huangdao/,万达维多利亚湾 |黄岛港|3室2厅 | 139.15平米 | 南 | 精装 | 中楼层(共29层) | 2016年建 | 板楼,0人关注 / 3天以前发布,125,"8,984元/平","['VR房源', '房本满五年', '随时看房']","['3室2厅1厨2卫', '中楼层 (共29层)', '139.15㎡', '平层', '104.18㎡', '板楼', '南', '钢混结构', '精装', '两梯四户', '集中供暖', '有']","['2023-10-07', '商品房', '2018-04-20', '普通住宅', '满五年', '非共有', '\n                                无抵押\n                              ', '已上传房本照片']"
/ershoufang/huangdao/,锦绣华府 |六中|3室1厅 | 104.31平米 | 南 北 | 毛坯 | 中楼层(共20层)  | 板楼,0人关注 / 3天以前发布,110,"10,546元/平","['VR房源', '房本满两年', '随时看房']","['3室1厅1厨1卫', '中楼层 (共20层)', '104.31㎡', '平层', '暂无数据', '板楼', '南 北', '钢混结构', '毛坯', '两梯四户', '集中供暖', '有']","['2023-10-07', '商品房', '2020-06-12', '普通住宅', '满两年', '非共有', '\n                                有抵押 50万元\n                              ', '已上传房本照片']"
/ershoufang/huangdao/,万达维多利亚湾 |黄岛港|3室1厅 | 146.4平米 | 南 北 | 精装 | 低楼层(共34层) | 2017年建 | 板楼,1人关注 / 2天以前发布,95,"6,490元/平","['VR房源', '房本满五年', '随时看房']","['3室1厅1厨2卫', '低楼层 (共34层)', '146.4㎡', '平层', '暂无数据', '板楼', '南 北', '钢混结构', '精装', '两梯四户', '集中供暖', '有']","['2023-10-08', '商品房', '2018-05-12', '普通住宅', '满五年', '非共有', '\n                                无抵押\n                              ', '已上传房本照片']"
/ershoufang/huangdao/,昆仑山庄南区 |保税区|3室1厅 | 89.82平米 | 南 北 | 简装 | 低楼层(共6层) | 2011年建 | 板楼,0人关注 / 8天以前发布,123,"13,695元/平","['VR房源', '房本满两年', '随时看房']","['3室1厅1厨1卫', '低楼层 (共6层)', '89.82㎡', '平层', '暂无数据', '板楼', '南 北', '钢混结构', '简装', '一梯两户', '集中供暖', '无']","['2023-10-02', '商品房', '2021-01-13', '普通住宅', '满两年', '非共有', '\n                                有抵押 60万元 平安银行 客户偿还\n                              ', '已上传房本照片']"
/ershoufang/huangdao/,新华锦龙邸 |薛家岛|2室2厅 | 91.46平米 | 北 南 | 精装 | 低楼层(共21层) | 2011年建 | 板楼,1人关注 / 11天以前发布,125,"13,668元/平","['近地铁', 'VR房源', '房本满五年', '随时看房']","['2室2厅1厨1卫', '低楼层 (共21层)', '91.46㎡', '平层', '暂无数据', '板楼', '北 南', '钢混结构', '精装', '两梯三户', '集中供暖', '有']","['2023-09-28', '商品房', '2016-09-14', '普通住宅', '满五年', '非共有', '\n                                无抵押\n                              ', '已上传房本照片']"
/ershoufang/huangdao/,金茂悦星云北区 |西客站|3室1厅 | 88.38平米 | 南 北 | 毛坯 | 中楼层(共25层)  | 暂无数据,1人关注 / 6天以前发布,73,"8,260元/平","['VR看装修', '房本满两年']","['3室1厅1厨1卫', '中楼层 (共25层)', '88.38㎡', '平层', '暂无数据', '暂无数据', '南 北', '钢混结构', '毛坯', '一梯四户', '暂无数据', '暂无数据']","['2023-10-04', '商品房', '2021-07-07', '普通住宅', '满两年', '非共有', '\n                                无抵押\n                              ', '已上传房本照片']"
/ershoufang/huangdao/,科达天意华苑 |东方影都|4室2厅 | 193.76平米 | 南 北 | 简装 | 低楼层(共30层) | 2016年建 | 板楼,0人关注 / 2天以前发布,320,"16,516元/平","['近地铁', 'VR房源', '房本满五年']","['4室2厅1厨2卫', '低楼层 (共30层)', '193.76㎡', '平层', '154.15㎡', '板楼', '南 北', '钢混结构', '简装', '两梯两户', '集中供暖', '有']","['2023-10-08', '商品房', '2017-10-11', '普通住宅', '满五年', '非共有', '\n                                有抵押\n                              ', '已上传房本照片']"
/ershoufang/huangdao/,源江小区 |保税区|3室1厅 | 85.16平米 | 南 北 | 简装 | 低楼层(共6层) | 2003年建 | 板楼,1人关注 / 26天以前发布,90,"10,569元/平","['VR看装修', '房本满五年', '随时看房']","['3室1厅1厨1卫', '低楼层 (共6层)', '85.16㎡', '平层', '暂无数据', '板楼', '南 北', '砖混结构', '简装', '一梯两户', '集中供暖', '无']","['2023-09-14', '商品房', '2005-04-29', '普通住宅', '满五年', '非共有', '\n                                无抵押\n                              ', '已上传房本照片']"
/ershoufang/huangdao/,绿地望海领御 |安子片区|3室2厅 | 121.1平米 | 南 | 毛坯 | 中楼层(共22层) | 2020年建 | 板楼,0人关注 / 29天以前发布,209,"17,259元/平","['近地铁', 'VR房源', '房本满两年', '随时看房']","['3室2厅1厨2卫', '中楼层 (共22层)', '121.1㎡', '平层', '91.04㎡', '板楼', '南', '钢混结构', '毛坯', '两梯三户', '集中供暖', '有']","['2023-09-11', '商品房', '2021-08-03', '普通住宅', '满两年', '非共有', '\n                                无抵押\n                              ', '已上传房本照片']"
/ershoufang/huangdao/,绿地望海领御 |安子片区|3室2厅 | 119.92平米 | 南 北 | 毛坯 | 高楼层(共25层)  | 板楼,1人关注 / 29天以前发布,219,"18,263元/平","['VR房源', '房本满两年', '随时看房']","['3室2厅1厨2卫', '高楼层 (共25层)', '119.92㎡', '平层', '90.17㎡', '板楼', '南 北', '钢混结构', '毛坯', '两梯两户', '集中供暖', '有']","['2023-09-11', '商品房', '2021-08-12', '普通住宅', '满两年', '非共有', '\n                                无抵押\n                              ', '已上传房本照片']"
/ershoufang/huangdao/,昆仑首府 |江山南路|3室2厅 | 127.05平米 | 南 北 | 毛坯 | 高楼层(共17层)  | 板楼,3人关注 / 27天以前发布,219,"17,238元/平","['VR看装修', '房本满两年', '随时看房']","['3室2厅1厨1卫', '高楼层 (共17层)', '127.05㎡', '平层', '92.1㎡', '板楼', '南 北', '钢混结构', '毛坯', '一梯两户', '集中供暖', '暂无数据']","['2023-09-13', '商品房', '2021-05-22', '普通住宅', '满两年', '非共有', '\n                                有抵押 10万元 公积金 业主自还\n                              ', '已上传房本照片']"
/ershoufang/huangdao/,昆仑首府 |江山南路|3室2厅 | 127.05平米 | 南 北 | 毛坯 | 中楼层(共17层)  | 板楼,3人关注 / 29天以前发布,220,"17,317元/平","['VR看装修', '房本满两年', '随时看房']","['3室2厅1厨2卫', '中楼层 (共17层)', '127.05㎡', '平层', '92.1㎡', '板楼', '南 北', '钢混结构', '毛坯', '一梯两户', '集中供暖', '暂无数据']","['2023-09-11', '商品房', '2021-05-24', '普通住宅', '满两年', '非共有', '\n                                有抵押 120万元 开发区 业主自还\n                              ', '已上传房本照片']"
/ershoufang/huangdao/,龙湖紫宸 |东方影都|3室1厅 | 99.13平米 | 南 北 | 毛坯 | 低楼层(共22层) | 2019年建 | 板楼,0人关注 / 22天以前发布,119.8,"12,086元/平","['近地铁', 'VR房源', '房本满两年', '随时看房']","['3室1厅1厨1卫', '低楼层 (共22层)', '99.13㎡', '平层', '74.08㎡', '板楼', '南 北', '钢混结构', '毛坯', '两梯四户', '集中供暖', '有']","['2023-09-18', '商品房', '2019-11-13', '普通住宅', '满两年', '非共有', '\n                                无抵押\n                              ', '已上传房本照片']"
/ershoufang/huangdao/,江山瑞城 |江山南路|3室2厅 | 133.98平米 | 南 西 北 | 精装 | 中楼层(共21层) | 2009年建 | 板楼,5人关注 / 22天以前发布,220,"16,421元/平","['近地铁', 'VR房源', '房本满五年', '随时看房']","['3室2厅1厨2卫', '中楼层 (共21层)', '133.98㎡', '平层', '暂无数据', '板楼', '南 西 北', '钢混结构', '精装', '一梯两户', '集中供暖', '有']","['2023-09-18', '商品房', '2018-04-21', '普通住宅', '满五年', '共有', '\n                                无抵押\n                              ', '已上传房本照片']"
/ershoufang/huangdao/,秀兰禧悦山 |保税区|2室2厅 | 87.77平米 | 南 | 精装 | 中楼层(共33层) | 2013年建 | 板楼,1人关注 / 25天以前发布,100,"11,394元/平","['VR看装修', '房本满五年', '随时看房']","['2室2厅1厨1卫', '中楼层 (共33层)', '87.77㎡', '平层', '65.22㎡', '板楼', '南', '钢混结构', '精装', '两梯四户', '集中供暖', '有']","['2023-09-14', '商品房', '2014-08-08', '普通住宅', '满五年', '非共有', '\n                                无抵押\n                              ', '已上传房本照片']"
/ershoufang/huangdao/,瑞海花园B区 |东方影都|3室2厅 | 126.47平米 | 南 北 | 简装 | 低楼层(共8层) | 2005年建 | 板楼,0人关注 / 22天以前发布,118,"9,331元/平","['VR看装修', '房本满五年', '随时看房']","['3室2厅1厨2卫', '低楼层 (共8层)', '126.47㎡', '平层', '暂无数据', '板楼', '南 北', '混合结构', '简装', '一梯两户', '集中供暖', '无']","['2023-09-17', '商品房', '2007-01-31', '普通住宅', '满五年', '非共有', '\n                                无抵押\n                              ', '已上传房本照片']"
/ershoufang/huangdao/,西海岸碧桂园·翡翠湾 |薛家岛|3室2厅 | 115.59平米 | 南 北 | 精装 | 高楼层(共33层) | 2020年建 | 板楼,0人关注 / 21天以前发布,218,"18,860元/平","['近地铁', 'VR看装修', '房本满两年', '随时看房']","['3室2厅1厨2卫', '高楼层 (共33层)', '115.59㎡', '平层', '88.24㎡', '板楼', '南 北', '钢混结构', '精装', '两梯四户', '集中供暖', '有']","['2023-09-19', '商品房', '2021-08-03', '普通住宅', '满两年', '共有', '\n                                无抵押\n                              ', '已上传房本照片']"
/ershoufang/huangdao/,海信凤凰金岸 |安子片区|3室2厅 | 123.31平米 | 南 北 | 精装 | 高楼层(共18层) | 2012年建 | 板楼,4人关注 / 28天以前发布,199,"16,139元/平","['近地铁', 'VR看装修', '房本满五年', '随时看房']","['3室2厅1厨2卫', '高楼层 (共18层)', '123.31㎡', '平层', '100.86㎡', '板楼', '南 北', '钢混结构', '精装', '两梯四户', '集中供暖', '有']","['2023-09-12', '商品房', '2016-12-08', '普通住宅', '满五年', '非共有', '\n                                无抵押\n                              ', '已上传房本照片']"
/ershoufang/huangdao/,锦绣城誉园 |六中|3室2厅 | 107.11平米 | 南 北 | 精装 | 低楼层(共31层)  | 板楼,0人关注 / 17天以前发布,112,"10,457元/平","['近地铁', 'VR看装修', '房本满两年', '随时看房']","['3室2厅1厨1卫', '低楼层 (共31层)', '107.11㎡', '平层', '暂无数据', '板楼', '南 北', '钢混结构', '精装', '两梯四户', '集中供暖', '有']","['2023-09-23', '商品房', '2021-01-20', '普通住宅', '满两年', '共有', '\n                                无抵押\n                              ', '已上传房本照片']"
/ershoufang/huangdao/,鲁信随珠花园 |安子片区|3室2厅 | 151.75平米 | 南 北 | 精装 | 中楼层(共19层)  | 板楼,9人关注 / 29天以前发布,328,"21,615元/平","['VR房源', '房本满两年', '随时看房']","['3室2厅1厨2卫', '中楼层 (共19层)', '151.75㎡', '平层', '暂无数据', '板楼', '南 北', '钢混结构', '精装', '一梯两户', '集中供暖', '暂无数据']","['2023-09-11', '商品房', '2020-06-02', '普通住宅', '满两年', '非共有', '\n                                有抵押 业主自还\n                              ', '已上传房本照片']"
/ershoufang/huangdao/,锦绣首府 |六中|3室1厅 | 103.25平米 | 南 北 | 精装 | 中楼层(共17层)  | 板楼,2人关注 / 29天以前发布,130,"12,591元/平","['近地铁', 'VR房源', '房本满两年', '随时看房']","['3室1厅1厨1卫', '中楼层 (共17层)', '103.25㎡', '平层', '80.23㎡', '板楼', '南 北', '钢混结构', '精装', '两梯四户', '集中供暖', '有']","['2023-09-11', '商品房', '2021-06-19', '普通住宅', '满两年', '非共有', '\n                                无抵押\n                              ', '已上传房本照片']"
/ershoufang/huangdao/,江山瑞城 |江山南路|3室2厅 | 135.04平米 | 南 北 | 精装 | 中楼层(共24层) | 2009年建 | 板楼,3人关注 / 18天以前发布,233,"17,255元/平","['近地铁', 'VR房源', '房本满五年', '随时看房']","['3室2厅1厨2卫', '中楼层 (共24层)', '135.04㎡', '平层', '暂无数据', '板楼', '南 北', '钢混结构', '精装', '一梯两户', '集中供暖', '有']","['2023-09-22', '商品房', '2016-07-29', '普通住宅', '满五年', '共有', '\n                                有抵押 60万元 华夏\n                              ', '已上传房本照片']"
/ershoufang/huangdao/,西海景苑 |安子片区|3室1厅 | 147.89平米 | 东南 | 精装 | 低楼层(共30层) | 2013年建 | 板楼,2人关注 / 27天以前发布,196,"13,254元/平","['近地铁', 'VR房源', '房本满五年', '随时看房']","['3室1厅1厨2卫', '低楼层 (共30层)', '147.89㎡', '平层', '126.15㎡', '板楼', '东南', '钢混结构', '精装', '两梯五户', '集中供暖', '有']","['2023-09-13', '商品房', '2016-03-18', '普通住宅', '满五年', '非共有', '\n                                无抵押\n                              ', '已上传房本照片']"
/ershoufang/huangdao/,辛安府 |辛安|3室1厅 | 101.52平米 | 南 北 | 精装 | 中楼层(共29层)  | 板楼,1人关注 / 29天以前发布,125,"12,313元/平","['VR房源', '房本满两年', '随时看房']","['3室1厅1厨1卫', '中楼层 (共29层)', '101.52㎡', '平层', '暂无数据', '板楼', '南 北', '钢混结构', '精装', '一梯两户', '集中供暖', '暂无数据']","['2023-09-11', '商品房', '2021-07-04', '普通住宅', '满两年', '非共有', '\n                                有抵押 55万元 中国工商银行 业主自还\n                              ', '已上传房本照片']"
/ershoufang/huangdao/,锦绣城和园 |六中|4室2厅 | 146.44平米 | 南 北 | 精装 | 中楼层(共18层)  | 板楼,0人关注 / 20天以前发布,185,"12,634元/平","['近地铁', 'VR看装修', '房本满两年', '随时看房']","['4室2厅1厨2卫', '中楼层 (共18层)', '146.44㎡', '平层', '暂无数据', '板楼', '南 北', '钢混结构', '精装', '两梯两户', '集中供暖', '有']","['2023-09-20', '商品房', '2021-07-02', '普通住宅', '满两年', '非共有', '\n                                无抵押\n                              ', '已上传房本照片']"
/ershoufang/huangdao/,国汇观海领御 |安子片区|3室2厅 | 109.81平米 | 北 南 | 精装 | 高楼层(共29层) | 2020年建 | 板楼,0人关注 / 29天以前发布,179,"16,301元/平","['近地铁', 'VR房源', '房本满两年', '随时看房']","['3室2厅1厨2卫', '高楼层 (共29层)', '109.81㎡', '平层', '82.17㎡', '板楼', '北 南', '钢混结构', '精装', '三梯六户', '集中供暖', '有']","['2023-09-11', '商品房', '2021-04-01', '普通住宅', '满两年', '非共有', '\n                                无抵押\n                              ', '已上传房本照片']"
/ershoufang/huangdao/,山海景园 |江山南路|2室1厅 | 101.92平米 | 南 北 | 简装 | 低楼层(共17层) | 2010年建 | 板楼,0人关注 / 19天以前发布,117,"11,480元/平","['近地铁', 'VR房源', '房本满五年', '随时看房']","['2室1厅1厨1卫', '低楼层 (共17层)', '101.92㎡', '平层', '暂无数据', '板楼', '南 北', '钢混结构', '简装', '两梯五户', '集中供暖', '有']","['2023-09-20', '商品房', '2017-08-02', '普通住宅', '满五年', '非共有', '\n                                无抵押\n                              ', '已上传房本照片']"
/ershoufang/huangdao/,福瀛锦绣前城 |薛家岛|3室2厅 | 141平米 | 南 北 | 精装 | 低楼层(共29层) | 2008年建 | 板塔结合,1人关注 / 24天以前发布,178,"12,625元/平","['近地铁', 'VR看装修', '房本满五年', '随时看房']","['3室2厅1厨2卫', '低楼层 (共29层)', '141㎡', '平层', '111.63㎡', '板塔结合', '南 北', '钢混结构', '精装', '两梯四户', '集中供暖', '有']","['2023-09-16', '商品房', '2013-01-29', '普通住宅', '满五年', '共有', '\n                                无抵押\n                              ', '已上传房本照片']"
/ershoufang/huangdao/,昆仑首府 |江山南路|3室2厅 | 110.18平米 | 南 北 | 精装 | 中楼层(共17层)  | 板楼,1人关注 / 28天以前发布,210,"19,060元/平","['VR看装修', '房本满两年', '随时看房']","['3室2厅1厨2卫', '中楼层 (共17层)', '110.18㎡', '平层', '87.06㎡', '板楼', '南 北', '钢混结构', '精装', '一梯两户', '集中供暖', '暂无数据']","['2023-09-11', '商品房', '2021-05-24', '普通住宅', '满两年', '共有', '\n                                有抵押 55万元 公积金 业主自还\n                              ', '已上传房本照片']"
/ershoufang/chengyang/,银盛泰嘉富丽苑 |白云山|3室1厅 | 102.25平米 | 南 北 | 精装 | 高楼层(共15层)  | 板楼,0人关注 / 4天以前发布,143,"13,986元/平","['VR房源', '房本满五年', '随时看房']","['3室1厅1厨1卫', '高楼层 (共15层)', '102.25㎡', '平层', '79.22㎡', '板楼', '南 北', '钢混结构', '精装', '一梯三户', '集中供暖', '有']","['2023-10-06', '商品房', '2018-01-12', '普通住宅', '满五年', '非共有', '\n                                有抵押 49万元 中国银行 客户偿还\n                              ', '已上传房本照片']"
/ershoufang/chengyang/,鑫江玫瑰园2期 |流亭|2室2厅 | 83.19平米 | 南 北 | 精装 | 中楼层(共14层)  | 板楼,1人关注 / 7天以前发布,98,"11,781元/平","['VR看装修', '房本满两年', '随时看房']","['2室2厅1厨1卫', '中楼层 (共14层)', '83.19㎡', '平层', '暂无数据', '板楼', '南 北', '钢混结构', '精装', '一梯两户', '集中供暖', '有']","['2023-10-03', '商品房', '2019-08-07', '普通住宅', '满两年', '非共有', '\n                                无抵押\n                              ', '已上传房本照片']"
/ershoufang/chengyang/,蔚蓝群岛 |女姑|3室1厅 | 93平米 | 南 | 简装 | 中楼层(共7层) | 2010年建 | 板楼,0人关注 / 8天以前发布,89,"9,570元/平","['VR看装修', '房本满五年', '随时看房']","['3室1厅1厨1卫', '中楼层 (共7层)', '93㎡', '平层', '暂无数据', '板楼', '南', '钢混结构', '简装', '一梯三户', '集中供暖', '无']","['2023-10-02', '商品房', '2010-11-24', '普通住宅', '满五年', '非共有', '\n                                无抵押\n                              ', '已上传房本照片']"
/ershoufang/chengyang/,福林山庄 |夏庄|3室2厅 | 142.28平米 | 南 | 精装 | 中楼层(共6层)  | 板楼,0人关注 / 1个月以前发布,126,"8,856元/平","['VR看装修', '房本满两年', '随时看房']","['3室2厅1厨2卫', '中楼层 (共6层)', '142.28㎡', '平层', '暂无数据', '板楼', '南', '混合结构', '精装', '一梯两户', '集中供暖', '无']","['2023-09-07', '商品房', '2020-09-13', '普通住宅', '满两年', '非共有', '\n                                有抵押 103万元 业主自还\n                              ', '已上传房本照片']"
/ershoufang/chengyang/,万海惜福时光 |惜福镇|2室2厅 | 88.53平米 | 南 | 精装 | 中楼层(共14层) | 2015年建 | 板楼,1人关注 / 1个月以前发布,70,"7,907元/平","['VR房源', '房本满两年', '随时看房']","['2室2厅1厨1卫', '中楼层 (共14层)', '88.53㎡', '平层', '66.28㎡', '板楼', '南', '钢混结构', '精装', '两梯三户', '集中供暖', '有']","['2023-09-07', '商品房', '2021-06-10', '普通住宅', '满两年', '非共有', '\n                                无抵押\n                              ', '已上传房本照片']"
/ershoufang/chengyang/,鑫江玫瑰园2期 |流亭|3室1厅 | 96.55平米 | 南 | 简装 | 高楼层(共14层) | 2018年建 | 板楼,2人关注 / 29天以前发布,113,"11,704元/平","['VR看装修', '房本满两年', '随时看房']","['3室1厅1厨1卫', '高楼层 (共14层)', '96.55㎡', '平层', '暂无数据', '板楼', '南', '钢混结构', '简装', '一梯两户', '集中供暖', '有']","['2023-09-11', '商品房', '2020-05-20', '普通住宅', '满两年', '非共有', '\n                                无抵押\n                              ', '已上传房本照片']"
/ershoufang/chengyang/,领秀珊瑚湾樾璟 |高新区|4室2厅 | 135.81平米 | 南 | 精装 | 低楼层(共11层)  | 暂无数据,2人关注 / 29天以前发布,167,"12,297元/平","['VR房源', '房本满两年', '随时看房']","['4室2厅1厨2卫', '低楼层 (共11层)', '135.81㎡', '平层', '112.64㎡', '暂无数据', '南', '框架结构', '精装', '一梯两户', '集中供暖', '暂无数据']","['2023-09-11', '商品房', '2021-02-25', '普通住宅', '满两年', '非共有', '\n                                有抵押 60万元 交通银行 业主自还\n                              ', '已上传房本照片']"
/ershoufang/chengyang/,旭辉银盛泰正阳府 |城阳实验二小|3室2厅 | 103.53平米 | 南 北 | 精装 | 低楼层(共30层)  | 板楼,1人关注 / 27天以前发布,193,"18,642元/平","['VR看装修', '房本满两年', '随时看房']","['3室2厅1厨1卫', '低楼层 (共30层)', '103.53㎡', '平层', '76.1㎡', '板楼', '南 北', '钢混结构', '精装', '两梯四户', '集中供暖', '有']","['2023-09-12', '商品房', '2021-03-03', '普通住宅', '满两年', '非共有', '\n                                有抵押 150万元 平安普惠 金融公司垫资\n                              ', '已上传房本照片']"
/ershoufang/chengyang/,鲁商泰晤士小镇二期 |惜福镇|3室2厅 | 103.65平米 | 南 | 精装 | 高楼层(共11层) | 2017年建 | 板楼,1人关注 / 29天以前发布,103,"9,938元/平","['VR房源', '房本满两年', '随时看房']","['3室2厅1厨1卫', '高楼层 (共11层)', '103.65㎡', '平层', '80.82㎡', '板楼', '南', '钢混结构', '精装', '一梯两户', '集中供暖', '有']","['2023-09-11', '商品房', '2019-06-10', '普通住宅', '满两年', '非共有', '\n                                有抵押 42万元 农业银行\n                              ', '已上传房本照片']"
/ershoufang/chengyang/,鲁商泰晤士小镇二期 |惜福镇|3室2厅 | 93.05平米 | 南 北 | 精装 | 中楼层(共16层) | 2018年建 | 板楼,1人关注 / 27天以前发布,98,"10,532元/平","['VR看装修', '房本满两年', '随时看房']","['3室2厅1厨1卫', '中楼层 (共16层)', '93.05㎡', '平层', '72.99㎡', '板楼', '南 北', '钢混结构', '精装', '五梯四户', '集中供暖', '有']","['2023-09-12', '商品房', '2021-05-12', '普通住宅', '满两年', '非共有', '\n                                有抵押 58万元 客户偿还\n                              ', '已上传房本照片']"
/ershoufang/chengyang/,旭辉银盛泰正阳府 |城阳实验二小|3室2厅 | 116.9平米 | 南 北 | 精装 | 高楼层(共31层)  | 板楼,0人关注 / 29天以前发布,232,"19,847元/平","['VR看装修', '房本满两年', '随时看房']","['3室2厅1厨2卫', '高楼层 (共31层)', '116.9㎡', '平层', '87.17㎡', '板楼', '南 北', '钢混结构', '精装', '两梯四户', '集中供暖', '有']","['2023-09-11', '商品房', '2020-09-16', '普通住宅', '满两年', '非共有', '\n                                无抵押\n                              ', '已上传房本照片']"
/ershoufang/chengyang/,高实景苑 |高新区|3室2厅 | 106.69平米 | 南 北 | 精装 | 低楼层(共10层)  | 板塔结合,2人关注 / 29天以前发布,119,"11,154元/平","['VR看装修', '房本满两年', '随时看房']","['3室2厅1厨1卫', '低楼层 (共10层)', '106.69㎡', '平层', '87.63㎡', '板塔结合', '南 北', '钢混结构', '精装', '一梯两户', '集中供暖', '暂无数据']","['2023-09-11', '商品房', '2021-09-25', '普通住宅', '满两年', '共有', '\n                                有抵押 70万元\n                              ', '已上传房本照片']"
/ershoufang/chengyang/,领秀珊瑚湾尚院 |高新区|3室2厅 | 143.12平米 | 东 南 北 | 精装 | 中楼层(共4层)  | 板楼,3人关注 / 16天以前发布,238,"16,630元/平","['VR房源', '房本满两年', '随时看房']","['3室2厅1厨2卫', '中楼层 (共4层)', '143.12㎡', '暂无数据', '东 南 北', '钢混结构', '精装', '暂无数据', '集中供暖']","['2023-09-23', '商品房', '2020-11-07', '别墅', '满两年', '非共有', '\n                                无抵押\n                              ', '已上传房本照片']"
/ershoufang/chengyang/,金茂悦西五区 |高新区|3室2厅 | 137.43平米 | 南 北 | 精装 | 低楼层(共18层)  | 板塔结合,2人关注 / 24天以前发布,179,"13,025元/平","['VR看装修', '房本满两年', '随时看房']","['3室2厅1厨2卫', '低楼层 (共18层)', '137.43㎡', '平层', '暂无数据', '板塔结合', '南 北', '钢混结构', '精装', '一梯两户', '集中供暖', '暂无数据']","['2023-09-16', '商品房', '2021-05-30', '普通住宅', '满两年', '共有', '\n                                有抵押 50万元 招商银行 业主自还\n                              ', '已上传房本照片']"
/ershoufang/chengyang/,腾讯双创小镇云筑 |高新区|3室2厅 | 141.72平米 | 南 | 精装 | 中楼层(共8层)  | 暂无数据,1人关注 / 16天以前发布,198,"13,972元/平","['VR看装修', '房本满两年', '随时看房']","['3室2厅1厨2卫', '中楼层 (共8层)', '141.72㎡', '平层', '暂无数据', '暂无数据', '南', '未知结构', '精装', '一梯两户', '暂无数据', '暂无数据']","['2023-09-23', '商品房', '2021-07-29', '普通住宅', '满两年', '非共有', '\n                                有抵押 100万元\n                              ', '已上传房本照片']"
/ershoufang/chengyang/,融创红岛湾 |红岛综合片区|4室2厅 | 183.65平米 | 南 北 | 精装 | 中楼层(共17层)  | 暂无数据,8人关注 / 28天以前发布,220,"11,980元/平","['VR看装修', '房本满两年', '随时看房']","['4室2厅1厨3卫', '中楼层 (共17层)', '183.65㎡', '平层', '151.78㎡', '暂无数据', '南 北', '钢混结构', '精装', '一梯两户', '集中供暖', '暂无数据']","['2023-09-12', '商品房', '2021-09-07', '普通住宅', '满两年', '非共有', '\n                                无抵押\n                              ', '已上传房本照片']"
/ershoufang/chengyang/,汇豪观邸 |城阳实验二小|3室2厅 | 116.29平米 | 南 | 精装 | 低楼层(共16层)  | 板楼,1人关注 / 28天以前发布,220,"18,919元/平","['VR看装修', '房本满两年', '随时看房']","['3室2厅1厨2卫', '低楼层 (共16层)', '116.29㎡', '平层', '暂无数据', '板楼', '南', '钢混结构', '精装', '一梯两户', '集中供暖', '暂无数据']","['2023-09-12', '商品房', '2021-04-21', '普通住宅', '满两年', '非共有', '\n                                有抵押 170万元\n                              ', '已上传房本照片']"
/ershoufang/chengyang/,正商红河谷 |流亭|2室2厅 | 88.38平米 | 南 北 | 精装 | 高楼层(共11层) | 2014年建 | 板楼,0人关注 / 7天以前发布,115,"13,012元/平","['VR看装修', '房本满五年', '随时看房']","['2室2厅1厨1卫', '高楼层 (共11层)', '88.38㎡', '平层', '72.3㎡', '板楼', '南 北', '钢混结构', '精装', '一梯两户', '集中供暖', '有']","['2023-10-03', '商品房', '2013-11-01', '普通住宅', '满五年', '非共有', '\n                                有抵押 20万元 公积金 业主自还\n                              ', '已上传房本照片']"
/ershoufang/chengyang/,中铁华胥美邦 |东方城西|2室2厅 | 84.41平米 | 南 北 | 其他 | 高楼层(共16层) | 2012年建 | 板楼,0人关注 / 4天以前发布,100,"11,847元/平","['VR看装修', '房本满五年', '随时看房']","['2室2厅1厨1卫', '高楼层 (共16层)', '84.41㎡', '平层', '64.68㎡', '板楼', '南 北', '钢混结构', '其他', '两梯四户', '集中供暖', '有']","['2023-10-06', '商品房', '2015-02-10', '普通住宅', '满五年', '非共有', '\n                                有抵押 业主自还\n                              ', '已上传房本照片']"
/ershoufang/chengyang/,蔚蓝群岛 |女姑|3室2厅 | 87.61平米 | 南 北 | 精装 | 低楼层(共14层) | 2016年建 | 板楼,0人关注 / 13天以前发布,110,"12,556元/平","['VR看装修', '房本满两年', '随时看房']","['3室2厅1厨1卫', '低楼层 (共14层)', '87.61㎡', '平层', '暂无数据', '板楼', '南 北', '钢混结构', '精装', '一梯四户', '集中供暖', '暂无数据']","['2023-09-27', '商品房', '2019-11-04', '普通住宅', '满两年', '共有', '\n                                有抵押 40万元\n                              ', '已上传房本照片']"
/ershoufang/chengyang/,天泰城韩国城 |东方城西|5室3厅 | 178.99平米 | 南 | 精装 | 高楼层(共11层) | 2005年建 | 板楼,3人关注 / 5个月以前发布,199,"11,118元/平","['VR房源', '房本满五年', '随时看房']","['5室3厅1厨2卫', '高楼层 (共11层)', '178.99㎡', '复式', '155.63㎡', '板楼', '南', '钢混结构', '精装', '一梯三户', '自供暖', '有']","['2023-04-28', '商品房', '2011-03-29', '普通住宅', '满五年', '非共有', '\n                                无抵押\n                              ', '已上传房本照片']"
/ershoufang/chengyang/,金秋泰和郡 |东方城东|5室2厅 | 317.13平米 | 南 | 精装 | 低楼层(共3层)  | 暂无数据,2人关注 / 1个月以前发布,599,"18,889元/平","['VR房源', '房本满两年', '随时看房']","['5室2厅1厨4卫', '低楼层 (共3层)', '317.13㎡', '复式', '暂无数据', '暂无数据', '南', '钢混结构', '精装', '一梯八户', '暂无数据', '暂无数据']","['2023-09-01', '商品房', '2021-03-17', '普通住宅', '满两年', '非共有', '\n                                有抵押 220万元 交通银行 客户偿还\n                              ', '已上传房本照片']"
/ershoufang/chengyang/,天泰城汉城区 |东方城西|4室2厅 | 171.63平米 | 南 | 精装 | 高楼层(共17层) | 2006年建 | 板楼,10人关注 / 一年前发布,190,"11,071元/平","['VR房源', '房本满五年', '随时看房']","['4室2厅1厨2卫', '高楼层 (共17层)', '171.63㎡', '复式', '暂无数据', '板楼', '南', '钢混结构', '精装', '两梯四户', '自供暖', '有']","['2020-10-16', '商品房', '2016-03-08', '普通住宅', '满五年', '非共有', '\n                                无抵押\n                              ', '已上传房本照片']"
/ershoufang/chengyang/,银盛泰德郡 |惜福镇|4室3厅 | 218.85平米 | 南 | 毛坯 | 低楼层(共3层) | 2019年建 | 塔楼,0人关注 / 2个月以前发布,245,"11,195元/平","['VR房源', '房本满两年', '随时看房']","['4室3厅1厨3卫', '低楼层 (共3层)', '218.85㎡', '复式', '207.25㎡', '塔楼', '南', '钢混结构', '毛坯', '一梯五户', '自供暖', '无']","['2023-07-30', '商品房', '2021-06-29', '普通住宅', '满两年', '非共有', '\n                                有抵押 40万元 光大银行 客户偿还\n                              ', '已上传房本照片']"
/ershoufang/chengyang/,星河湾 |女姑|4室2厅 | 265平米 | 南 北 | 精装 | 低楼层(共27层) | 2016年建 | 板楼,3人关注 / 1个月以前发布,435,"16,416元/平","['VR房源', '房本满两年', '随时看房']","['4室2厅2厨4卫', '低楼层 (共27层)', '265㎡', '平层', '暂无数据', '板楼', '南 北', '钢混结构', '精装', '一梯两户', '集中供暖', '暂无数据']","['2023-08-23', '商品房', '2019-10-12', '普通住宅', '满两年', '非共有', '\n                                无抵押\n                              ', '已上传房本照片']"
/ershoufang/chengyang/,世茂意墅湾 |高新区|3室2厅 | 180.39平米 | 南 北 | 毛坯 | 3层  | 板楼 | 联排别墅 ,15人关注 / 一年前发布,270,"14,968元/平","['VR房源', '房本满五年', '随时看房']","['3室2厅1厨4卫', '低楼层 (共3层)', '180.39㎡', '173.04㎡', '南 北', '钢混结构', '毛坯', '联排', '集中供暖']","['2022-09-24', '商品房', '2016-12-26', '别墅', '满五年', '非共有', '\n                                有抵押 179万元 招商\n                              ', '已上传房本照片']"
/ershoufang/chengyang/,领秀珊瑚湾尚璟 |高新区|3室2厅 | 90.12平米 | 南 北 | 精装 | 低楼层(共18层)  | 板塔结合,3人关注 / 7天以前发布,95,"10,542元/平","['VR房源', '房本满两年', '随时看房']","['3室2厅1厨1卫', '低楼层 (共18层)', '90.12㎡', '平层', '65.63㎡', '板塔结合', '南 北', '混合结构', '精装', '一梯两户', '暂无数据', '暂无数据']","['2023-10-02', '商品房', '2020-04-24', '普通住宅', '满两年', '非共有', '\n                                无抵押\n                              ', '已上传房本照片']"
/ershoufang/chengyang/,鑫江玫瑰园2期 |流亭|3室2厅 | 96.55平米 | 南 | 精装 | 低楼层(共14层) | 2018年建 | 板楼,0人关注 / 14天以前发布,125,"12,947元/平","['VR看装修', '房本满两年']","['3室2厅1厨1卫', '低楼层 (共14层)', '96.55㎡', '平层', '暂无数据', '板楼', '南', '钢混结构', '精装', '一梯两户', '集中供暖', '有']","['2023-09-26', '商品房', '2020-10-19', '普通住宅', '满两年', '非共有', '\n                                有抵押 70万元\n                              ', '已上传房本照片']"
/ershoufang/chengyang/,金茂悦东四区 |高新区|3室2厅 | 113.19平米 | 南 北 | 其他 | 中楼层(共18层)  | 板楼,1人关注 / 29天以前发布,165,"14,578元/平","['VR房源', '房本满两年', '随时看房']","['3室2厅1厨2卫', '中楼层 (共18层)', '113.19㎡', '平层', '85.42㎡', '板楼', '南 北', '钢混结构', '其他', '一梯两户', '集中供暖', '暂无数据']","['2023-09-11', '商品房', '2020-12-23', '普通住宅', '满两年', '非共有', '\n                                有抵押 20万元 公积金\n                              ', '已上传房本照片']"
/ershoufang/chengyang/,华仁金都华府 |上马|3室1厅 | 131.86平米 | 南 | 简装 | 中楼层(共15层) | 2017年建 | 板楼,0人关注 / 27天以前发布,103,"7,812元/平","['VR看装修', '房本满五年', '随时看房']","['3室1厅1厨2卫', '中楼层 (共15层)', '131.86㎡', '平层', '暂无数据', '板楼', '南', '钢混结构', '简装', '四梯两户', '集中供暖', '有']","['2023-09-13', '商品房', '2018-04-10', '普通住宅', '满五年', '非共有', '\n                                有抵押 60万元\n                              ', '已上传房本照片']"
/ershoufang/jiaozhou/,宝佳胶州中央湖岸 |新城区|3室2厅 | 100.15平米 | 南 北 | 毛坯 | 中楼层(共6层) | 2012年建 | 板楼,0人关注 / 15天以前发布,90,"8,987元/平","['VR看装修', '房本满五年']","['3室2厅1厨1卫', '中楼层 (共6层)', '100.15㎡', '平层', '暂无数据', '板楼', '南 北', '钢混结构', '毛坯', '一梯两户', '集中供暖', '暂无数据']","['2023-09-25', '商品房', '2016-10-14', '普通住宅', '满五年', '共有', '\n                                无抵押\n                              ', '已上传房本照片']"
/ershoufang/jiaozhou/,空港澜庭A区 |新城区|3室2厅 | 118.34平米 | 南 | 其他 | 中楼层(共18层)  | 板楼,1人关注 / 23天以前发布,132,"11,155元/平","['VR看装修', '房本满两年', '随时看房']","['3室2厅1厨2卫', '中楼层 (共18层)', '118.34㎡', '平层', '暂无数据', '板楼', '南', '混合结构', '其他', '一梯两户', '集中供暖', '暂无数据']","['2023-09-17', '商品房', '2021-08-28', '普通住宅', '满两年', '非共有', '\n                                无抵押\n                              ', '已上传房本照片']"
/ershoufang/jiaozhou/,空港澜庭A区 |新城区|3室2厅 | 123.07平米 | 南 | 精装 | 高楼层(共33层)  | 暂无数据,1人关注 / 29天以前发布,122,"9,914元/平","['VR看装修', '房本满两年', '随时看房']","['3室2厅1厨2卫', '高楼层 (共33层)', '123.07㎡', '平层', '暂无数据', '暂无数据', '南', '混合结构', '精装', '两梯四户', '集中供暖', '有']","['2023-09-11', '商品房', '2021-08-30', '普通住宅', '满两年', '非共有', '\n                                无抵押\n                              ', '已上传房本照片']"
/ershoufang/jiaozhou/,鲁德悦城 |北关|2室2厅 | 81.61平米 | 南 北 | 精装 | 中楼层(共5层) | 2015年建 | 板楼,0人关注 / 16天以前发布,55,"6,740元/平","['VR看装修', '房本满两年', '随时看房']","['2室2厅1厨1卫', '中楼层 (共5层)', '81.61㎡', '平层', '暂无数据', '板楼', '南 北', '钢混结构', '精装', '一梯两户', '集中供暖', '暂无数据']","['2023-09-23', '商品房', '暂无数据', '普通住宅', '暂无数据', '共有', '\n                                有抵押 15万元 交通银行公积金 业主自还\n                              ', '未上传房本照片']"
/ershoufang/jiaozhou/,正北又一城 |北关|2室2厅 | 75.12平米 | 南 北 | 精装 | 中楼层(共6层)  | 暂无数据,0人关注 / 23天以前发布,53,"7,056元/平","['VR看装修', '房本满两年']","['2室2厅1厨1卫', '中楼层 (共6层)', '75.12㎡', '平层', '63.95㎡', '暂无数据', '南 北', '混合结构', '精装', '一梯两户', '暂无数据', '暂无数据']","['2023-09-17', '商品房', '暂无数据', '普通住宅', '暂无数据', '非共有', '\n                                无抵押\n                              ', '未上传房本照片']"
/ershoufang/jiaozhou/,水岸府邸西区 |新城区|2室2厅 | 108平米 | 南 | 精装 | 中楼层(共20层) | 2008年建 | 板楼,0人关注 / 9天以前发布,110,"10,186元/平","['VR房源', '随时看房']","['2室2厅1厨1卫', '中楼层 (共20层)', '108㎡', '平层', '暂无数据', '板楼', '南', '混合结构', '精装', '两梯四户', '集中供暖', '有']","['2023-10-01', '商品房', '暂无数据', '普通住宅', '暂无数据', '非共有', '\n                                无抵押\n                              ', '未上传房本照片']"
/ershoufang/jiaozhou/,蓝水假期 |少海|3室2厅 | 150.1平米 | 南 北 | 简装 | 中楼层(共9层) | 2007年建 | 板楼,1人关注 / 3个月以前发布,82,"5,464元/平","['VR看装修', '房本满五年', '随时看房']","['3室2厅1厨2卫', '中楼层 (共9层)', '150.1㎡', '错层', '暂无数据', '板楼', '南 北', '钢混结构', '简装', '一梯两户', '集中供暖', '有']","['2023-06-28', '商品房', '2014-01-23', '普通住宅', '满五年', '非共有', '\n                                无抵押\n                              ', '已上传房本照片']"
/ershoufang/jiaozhou/,世纪苑 |李哥庄|2室1厅 | 82.88平米 | 南 北 | 简装 | 高楼层(共6层)  | 暂无数据,1人关注 / 1个月以前发布,32,"3,862元/平","['VR看装修', '房本满五年', '随时看房']","['2室1厅1厨1卫', '高楼层 (共6层)', '82.88㎡', '平层', '暂无数据', '暂无数据', '南 北', '未知结构', '简装', '一梯两户', '暂无数据', '暂无数据']","['2023-08-22', '商品房', '2017-08-26', '普通住宅', '满五年', '非共有', '\n                                有抵押\n                              ', '已上传房本照片']"
/ershoufang/jiaozhou/,中海御湖 |少海|3室1厅 | 114.77平米 | 南 | 精装 | 中楼层(共7层)  | 板楼,3人关注 / 一年前发布,103,"8,975元/平","['VR看装修', '房本满两年', '随时看房']","['3室1厅1厨2卫', '中楼层 (共7层)', '114.77㎡', '平层', '94.02㎡', '板楼', '南', '砖混结构', '精装', '两梯两户', '集中供暖', '有']","['2022-07-18', '商品房', '2019-12-09', '普通住宅', '满两年', '非共有', '\n                                有抵押 20万元 抵押银行 客户偿还\n                              ', '已上传房本照片']"
/ershoufang/jiaozhou/,顺祥花园 |胶东空港商务区|3室2厅 | 93.46平米 | 南 北 | 精装 | 低楼层(共6层)  | 板楼,3人关注 / 一年前发布,57,"6,099元/平","['VR看装修', '房本满两年', '随时看房']","['3室2厅1厨1卫', '低楼层 (共6层)', '93.46㎡', '平层', '81.82㎡', '板楼', '南 北', '钢混结构', '精装', '一梯两户', '集中供暖', '暂无数据']","['2022-03-28', '商品房', '2019-07-23', '普通住宅', '满两年', '非共有', '\n                                无抵押\n                              ', '已上传房本照片']"
/ershoufang/jiaozhou/,中海御湖 |少海|3室2厅 | 120.56平米 | 南 北 | 精装 | 低楼层(共14层) | 2019年建 | 板楼,2人关注 / 一年前发布,95,"7,880元/平","['VR看装修', '房本满两年', '随时看房']","['3室2厅1厨2卫', '低楼层 (共14层)', '120.56㎡', '平层', '暂无数据', '板楼', '南 北', '钢混结构', '精装', '一梯两户', '集中供暖', '有']","['2022-10-10', '商品房', '2020-04-01', '普通住宅', '满两年', '非共有', '\n                                有抵押 10万元 抵押银行 业主自还\n                              ', '已上传房本照片']"
/ershoufang/jiaozhou/,联谊枫林小镇 |少海|3室2厅 | 90.41平米 | 南 北 | 精装 | 中楼层(共18层)  | 暂无数据,1人关注 / 1个月以前发布,62,"6,858元/平","['VR看装修', '房本满两年', '随时看房']","['3室2厅1厨1卫', '中楼层 (共18层)', '90.41㎡', '平层', '73.95㎡', '暂无数据', '南 北', '混合结构', '精装', '一梯四户', '暂无数据', '暂无数据']","['2023-08-31', '商品房', '2020-09-14', '普通住宅', '满两年', '非共有', '\n                                无抵押\n                              ', '已上传房本照片']"
/ershoufang/jiaozhou/,蓝水假期三期 |少海|3室2厅 | 107.66平米 | 南 | 精装 | 高楼层(共5层) | 2016年建 | 板楼,1人关注 / 1个月以前发布,86,"7,989元/平","['VR看装修', '房本满五年', '随时看房']","['3室2厅1厨2卫', '高楼层 (共5层)', '107.66㎡', '平层', '96.85㎡', '板楼', '南', '钢混结构', '精装', '一梯两户', '集中供暖', '无']","['2023-08-20', '商品房', '2017-09-02', '普通住宅', '满五年', '非共有', '\n                                无抵押\n                              ', '已上传房本照片']"
/ershoufang/jiaozhou/,新城玺樾云璟北区 |胶东空港商务区|3室2厅 | 99.51平米 | 南 北 | 毛坯 | 高楼层(共18层) | 2019年建 | 板楼,0人关注 / 2个月以前发布,62,"6,231元/平","['VR看装修', '房本满两年', '随时看房']","['3室2厅1厨1卫', '高楼层 (共18层)', '99.51㎡', '平层', '暂无数据', '板楼', '南 北', '钢混结构', '毛坯', '一梯四户', '集中供暖', '有']","['2023-07-26', '商品房', '2020-11-05', '普通住宅', '满两年', '非共有', '\n                                有抵押 40万元 业主自还\n                              ', '已上传房本照片']"
/ershoufang/jiaozhou/,龙湖璟宸原著 |李哥庄|3室2厅 | 118.05平米 | 南 北 | 毛坯 | 中楼层(共11层)  | 暂无数据,0人关注 / 1个月以前发布,72,"6,100元/平","['VR看装修', '房本满两年', '随时看房']","['3室2厅1厨2卫', '中楼层 (共11层)', '118.05㎡', '平层', '98.01㎡', '暂无数据', '南 北', '混合结构', '毛坯', '一梯两户', '暂无数据', '暂无数据']","['2023-08-12', '商品房', '2020-06-22', '普通住宅', '满两年', '非共有', '\n                                有抵押 30万元 农业银行 业主自还\n                              ', '已上传房本照片']"
/ershoufang/jiaozhou/,云华小区 |胶州宝龙|3室1厅 | 67.67平米 | 南 | 简装 | 低楼层(共6层)  | 板楼,1人关注 / 1个月以前发布,32,"4,729元/平","['VR看装修', '房本满五年', '随时看房']","['3室1厅1厨1卫', '低楼层 (共6层)', '67.67㎡', '平层', '暂无数据', '板楼', '南', '钢混结构', '简装', '一梯两户', '集中供暖', '无']","['2023-08-18', '商品房', '2018-05-24', '普通住宅', '满五年', '非共有', '\n                                无抵押\n                              ', '已上传房本照片']"
/ershoufang/jiaozhou/,宋城府邸 |中云|2室1厅 | 85.25平米 | 南 北 | 精装 | 高楼层(共7层)  | 板楼,1人关注 / 11个月以前发布,60.6,"7,109元/平","['VR看装修', '房本满两年', '随时看房']","['2室1厅1厨1卫', '高楼层 (共7层)', '85.25㎡', '平层', '70.5㎡', '板楼', '南 北', '钢混结构', '精装', '一梯一户', '集中供暖', '暂无数据']","['2022-10-28', '商品房', '2019-04-29', '普通住宅', '满两年', '非共有', '\n                                无抵押\n                              ', '已上传房本照片']"
/ershoufang/jiaozhou/,比华丽公寓 |阜安|3室2厅 | 115.81平米 | 北 南 | 精装 | 高楼层(共7层)  | 板塔结合,0人关注 / 一年前发布,85,"7,340元/平","['VR看装修', '房本满五年', '随时看房']","['3室2厅1厨2卫', '高楼层 (共7层)', '115.81㎡', '平层', '暂无数据', '板塔结合', '北 南', '砖混结构', '精装', '一梯两户', '集中供暖', '无']","['2021-12-14', '商品房', '2012-09-06', '普通住宅', '满五年', '非共有', '\n                                无抵押\n                              ', '已上传房本照片']"
/ershoufang/jiaozhou/,京都名苑 |南关|2室1厅 | 87.77平米 | 南 北 | 精装 | 高楼层(共6层)  | 暂无数据,0人关注 / 1个月以前发布,54,"6,153元/平","['VR看装修', '房本满两年', '随时看房']","['2室1厅1厨1卫', '高楼层 (共6层)', '87.77㎡', '平层', '暂无数据', '暂无数据', '南 北', '未知结构', '精装', '一梯两户', '暂无数据', '无']","['2023-08-26', '商品房', '2019-09-27', '普通住宅', '满两年', '非共有', '\n                                有抵押 10万元 业主自还\n                              ', '已上传房本照片']"
/ershoufang/jiaozhou/,空港澜庭B区 |新城区|2室1厅 | 87.16平米 | 南 | 其他 | 中楼层(共28层)  | 板楼,0人关注 / 1个月以前发布,75,"8,605元/平","['VR看装修', '房本满两年', '随时看房']","['2室1厅1厨1卫', '中楼层 (共28层)', '87.16㎡', '平层', '暂无数据', '板楼', '南', '钢混结构', '其他', '一梯四户', '集中供暖', '有']","['2023-08-10', '商品房', '2021-08-24', '普通住宅', '满两年', '非共有', '\n                                无抵押\n                              ', '已上传房本照片']"
/ershoufang/jiaozhou/,蓝水假期三期 |少海|3室2厅 | 137.83平米 | 南 北 | 精装 | 低楼层(共11层)  | 板楼,10人关注 / 6个月以前发布,75,"5,442元/平","['VR看装修', '房本满两年', '随时看房']","['3室2厅1厨1卫', '低楼层 (共11层)', '137.83㎡', '平层', '暂无数据', '板楼', '南 北', '钢混结构', '精装', '一梯两户', '集中供暖', '有']","['2023-04-01', '商品房', '2020-08-27', '普通住宅', '满两年', '非共有', '\n                                无抵押\n                              ', '已上传房本照片']"
/ershoufang/jiaozhou/,空港澜庭A区 |新城区|3室2厅 | 122.7平米 | 南 西南 | 毛坯 | 高楼层(共28层) | 2018年建 | 板塔结合,2人关注 / 2个月以前发布,105,"8,558元/平","['VR看装修', '房本满两年', '随时看房']","['3室2厅1厨2卫', '高楼层 (共28层)', '122.7㎡', '平层', '暂无数据', '板塔结合', '南 西南', '钢混结构', '毛坯', '两梯四户', '集中供暖', '有']","['2023-08-01', '商品房', '2021-08-20', '普通住宅', '满两年', '非共有', '\n                                有抵押 40万元 建设银行 业主自还\n                              ', '已上传房本照片']"
/ershoufang/jiaozhou/,空港澜庭A区 |新城区|3室2厅 | 95.15平米 | 南 | 精装 | 低楼层(共18层)  | 塔楼,1人关注 / 2个月以前发布,107,"11,246元/平","['VR看装修', '房本满两年', '随时看房']","['3室2厅1厨1卫', '低楼层 (共18层)', '95.15㎡', '平层', '暂无数据', '塔楼', '南', '钢混结构', '精装', '两梯两户', '集中供暖', '有']","['2023-07-23', '商品房', '2021-08-27', '普通住宅', '满两年', '非共有', '\n                                有抵押\n                              ', '已上传房本照片']"
/ershoufang/jiaozhou/,胶州中央公园 |阜安|3室1厅 | 97.6平米 | 南 | 毛坯 | 高楼层(共27层)  | 板塔结合,0人关注 / 5个月以前发布,79.8,"8,177元/平","['VR看装修', '房本满两年', '随时看房']","['3室1厅1厨1卫', '高楼层 (共27层)', '97.6㎡', '平层', '75.2㎡', '板塔结合', '南', '钢混结构', '毛坯', '一梯四户', '集中供暖', '暂无数据']","['2023-05-04', '商品房', '2021-09-30', '普通住宅', '满两年', '非共有', '\n                                无抵押\n                              ', '已上传房本照片']"
/ershoufang/jiaozhou/,空港澜庭B区 |新城区|3室2厅 | 121.24平米 | 东 | 精装 | 中楼层(共18层)  | 暂无数据,1人关注 / 2个月以前发布,146,"12,043元/平","['VR看装修', '房本满两年', '随时看房']","['3室2厅1厨2卫', '中楼层 (共18层)', '121.24㎡', '平层', '暂无数据', '暂无数据', '东', '混合结构', '精装', '一梯两户', '集中供暖', '暂无数据']","['2023-07-23', '商品房', '2021-09-02', '普通住宅', '满两年', '非共有', '\n                                无抵押\n                              ', '已上传房本照片']"
/ershoufang/jiaozhou/,新港家园 |李哥庄|3室2厅 | 125.12平米 | 南 北 | 毛坯 | 低楼层(共6层)  | 暂无数据,3人关注 / 1个月以前发布,43,"3,437元/平","['VR看装修', '房本满两年', '随时看房']","['3室2厅1厨1卫', '低楼层 (共6层)', '125.12㎡', '平层', '暂无数据', '暂无数据', '南 北', '混合结构', '毛坯', '一梯两户', '暂无数据', '暂无数据']","['2023-08-16', '商品房', '2021-08-17', '普通住宅', '满两年', '非共有', '\n                                无抵押\n                              ', '已上传房本照片']"
/ershoufang/jiaozhou/,国都名城 |胶东空港商务区|3室1厅 | 90.77平米 | 南 北 | 精装 | 中楼层(共9层)  | 板楼,0人关注 / 2个月以前发布,68,"7,492元/平","['VR看装修', '房本满两年', '随时看房']","['3室1厅1厨1卫', '中楼层 (共9层)', '90.77㎡', '平层', '暂无数据', '板楼', '南 北', '框架结构', '精装', '一梯三户', '集中供暖', '暂无数据']","['2023-07-17', '商品房', '2019-12-10', '普通住宅', '满两年', '非共有', '\n                                无抵押\n                              ', '已上传房本照片']"
/ershoufang/jiaozhou/,中洲半岛城邦 |少海|3室2厅 | 107.08平米 | 南 北 | 毛坯 | 中楼层(共10层)  | 板塔结合,0人关注 / 一年前发布,89.8,"8,387元/平","['VR看装修', '房本满两年', '随时看房']","['3室2厅1厨1卫', '中楼层 (共10层)', '107.08㎡', '平层', '暂无数据', '板塔结合', '南 北', '砖混结构', '毛坯', '一梯两户', '集中供暖', '暂无数据']","['2022-09-23', '商品房', '2020-05-27', '普通住宅', '满两年', '非共有', '\n                                有抵押 50万元 工商银行 业主自还\n                              ', '已上传房本照片']"
/ershoufang/jiaozhou/,中仁少海澜山 |少海|2室1厅 | 54.59平米 | 南 | 毛坯 | 高楼层(共6层)  | 板楼,3人关注 / 17天以前发布,19,"3,481元/平","['VR看装修', '房本满两年', '随时看房']","['2室1厅1厨1卫', '高楼层 (共6层)', '54.59㎡', '平层', '暂无数据', '板楼', '南', '钢混结构', '毛坯', '一梯两户', '集中供暖', '暂无数据']","['2023-09-23', '商品房', '2019-02-22', '普通住宅', '满两年', '非共有', '\n                                有抵押 10万元\n                              ', '已上传房本照片']"
/ershoufang/jiaozhou/,绿城朗月苑 |新城区|3室1厅 | 153.82平米 | 南 北 | 其他 | 低楼层(共15层) | 2015年建 | 板楼,1人关注 / 17天以前发布,199,"12,938元/平","['VR看装修', '房本满两年']","['3室1厅1厨1卫', '低楼层 (共15层)', '153.82㎡', '平层', '暂无数据', '板楼', '南 北', '钢混结构', '其他', '两梯两户', '集中供暖', '有']","['2023-09-23', '商品房', '2019-09-05', '普通住宅', '满两年', '非共有', '\n                                有抵押\n                              ', '已上传房本照片']"
/ershoufang/jimo/,佳源都市南区 |即墨城西|3室1厅 | 114.47平米 | 南 | 精装 | 高楼层(共32层)  | 塔楼,0人关注 / 6天以前发布,158,"13,803元/平","['VR房源', '房本满五年', '随时看房']","['3室1厅1厨2卫', '高楼层 (共32层)', '114.47㎡', '平层', '83.14㎡', '塔楼', '南', '钢混结构', '精装', '两梯四户', '集中供暖', '有']","['2023-10-04', '商品房', '2018-03-16', '普通住宅', '满五年', '非共有', '\n                                无抵押\n                              ', '已上传房本照片']"
/ershoufang/jimo/,中建尚溪地 |即墨蓝谷|3室2厅 | 116.1平米 | 南 北 | 毛坯 | 高楼层(共22层)  | 板楼,1人关注 / 6天以前发布,65,"5,599元/平","['VR看装修', '房本满五年', '随时看房']","['3室2厅1厨2卫', '高楼层 (共22层)', '116.1㎡', '平层', '暂无数据', '板楼', '南 北', '钢混结构', '毛坯', '两梯四户', '自供暖', '有']","['2023-10-03', '商品房', '2018-01-11', '普通住宅', '满五年', '共有', '\n                                无抵押\n                              ', '已上传房本照片']"
/ershoufang/jimo/,佳源都市南区 |即墨城西|3室1厅 | 96.97平米 | 南 | 精装 | 高楼层(共30层)  | 塔楼,0人关注 / 7天以前发布,118,"12,169元/平","['VR看装修', '房本满五年']","['3室1厅1厨1卫', '高楼层 (共30层)', '96.97㎡', '平层', '96.97㎡', '塔楼', '南', '钢混结构', '精装', '两梯四户', '集中供暖', '有']","['2023-10-03', '商品房', '2016-04-03', '普通住宅', '满五年', '非共有', '\n                                无抵押\n                              ', '已上传房本照片']"
/ershoufang/jimo/,名巨华都 |即墨和平|3室2厅 | 133.66平米 | 南 北 | 其他 | 中楼层(共8层)  | 板楼,0人关注 / 28天以前发布,108,"8,081元/平","['VR看装修', '房本满两年', '随时看房']","['3室2厅1厨2卫', '中楼层 (共8层)', '133.66㎡', '平层', '暂无数据', '板楼', '南 北', '钢混结构', '其他', '一梯两户', '集中供暖', '有']","['2023-09-11', '商品房', '2021-06-21', '普通住宅', '满两年', '共有', '\n                                无抵押\n                              ', '已上传房本照片']"
/ershoufang/jimo/,国信墨悦湾 |即墨古城|3室2厅 | 97.07平米 | 南 北 | 精装 | 低楼层(共5层) | 2020年建 | 板楼,0人关注 / 29天以前发布,117,"12,054元/平","['VR看装修', '房本满两年', '随时看房']","['3室2厅1厨1卫', '低楼层 (共5层)', '97.07㎡', '平层', '暂无数据', '板楼', '南 北', '钢混结构', '精装', '一梯两户', '集中供暖', '有']","['2023-09-11', '商品房', '2021-06-26', '普通住宅', '满两年', '非共有', '\n                                有抵押 77万元 建设银行 业主自还\n                              ', '已上传房本照片']"
/ershoufang/jimo/,中海樘院 |即墨创智新区|3室2厅 | 140.3平米 | 南 北 | 精装 | 高楼层(共9层)  | 塔楼,0人关注 / 27天以前发布,170,"12,117元/平","['VR看装修', '房本满两年', '随时看房']","['3室2厅1厨2卫', '高楼层 (共9层)', '140.3㎡', '平层', '110.97㎡', '塔楼', '南 北', '钢混结构', '精装', '一梯两户', '集中供暖', '暂无数据']","['2023-09-12', '商品房', '2021-05-31', '普通住宅', '满两年', '非共有', '\n                                有抵押 115万元 日照银行 业主自还\n                              ', '已上传房本照片']"
/ershoufang/jimo/,中交中央公元锦府 |即墨古城|3室1厅 | 113.85平米 | 南 北 | 简装 | 中楼层(共32层)  | 板楼,0人关注 / 28天以前发布,118,"10,365元/平","['VR看装修', '房本满两年', '随时看房']","['3室1厅1厨2卫', '中楼层 (共32层)', '113.85㎡', '平层', '暂无数据', '板楼', '南 北', '钢混结构', '简装', '一梯两户', '集中供暖', '有']","['2023-09-12', '商品房', '2021-09-06', '普通住宅', '满两年', '非共有', '\n                                无抵押\n                              ', '已上传房本照片']"
/ershoufang/jimo/,阅海名都 |即墨和平|2室2厅 | 91.55平米 | 南 | 其他 | 中楼层(共7层) | 2014年建 | 板楼,0人关注 / 7天以前发布,40,"4,370元/平","['VR房源', '房本满五年', '随时看房']","['2室2厅1厨1卫', '中楼层 (共7层)', '91.55㎡', '平层', '73.62㎡', '板楼', '南', '钢混结构', '其他', '一梯三户', '自供暖', '有']","['2023-10-03', '商品房', '2014-03-04', '普通住宅', '满五年', '非共有', '\n                                无抵押\n                              ', '已上传房本照片']"
/ershoufang/jimo/,海信盟旺世家 |即墨创智新区|3室2厅 | 96平米 | 南 | 其他 | 中楼层(共18层)  | 板楼,0人关注 / 10天以前发布,106,"11,042元/平","['VR看装修', '房本满两年', '随时看房']","['3室2厅1厨1卫', '中楼层 (共18层)', '96㎡', '平层', '暂无数据', '板楼', '南', '钢混结构', '其他', '两梯三户', '集中供暖', '有']","['2023-09-30', '商品房', '2019-06-06', '普通住宅', '满两年', '非共有', '\n                                无抵押\n                              ', '已上传房本照片']"
/ershoufang/jimo/,瑞纳鳌园 |即墨城西|3室2厅 | 113.3平米 | 南 | 精装 | 中楼层(共6层)  | 板楼,0人关注 / 22天以前发布,108,"9,533元/平","['VR房源', '房本满五年', '随时看房']","['3室2厅1厨2卫', '中楼层 (共6层)', '113.3㎡', '平层', '暂无数据', '板楼', '南', '钢混结构', '精装', '一梯两户', '集中供暖', '有']","['2023-09-17', '商品房', '2009-10-29', '普通住宅', '满五年', '非共有', '\n                                无抵押\n                              ', '已上传房本照片']"
/ershoufang/jimo/,颐和家园东区 |即墨开发区|2室1厅 | 88.72平米 | 南 北 | 其他 | 中楼层(共11层)  | 板楼,0人关注 / 27天以前发布,80,"9,018元/平","['VR看装修', '房本满五年', '随时看房']","['2室1厅1厨1卫', '中楼层 (共11层)', '88.72㎡', '平层', '72.29㎡', '板楼', '南 北', '钢混结构', '其他', '一梯两户', '集中供暖', '有']","['2023-09-13', '商品房', '2016-05-24', '普通住宅', '满五年', '非共有', '\n                                有抵押 60万元\n                              ', '已上传房本照片']"
/ershoufang/jimo/,青建橄榄树 |即墨温泉|4室2厅 | 318.23平米 | 南 北 | 其他 | 3层  | 暂无数据,9人关注 / 一年前发布,189,"5,940元/平","['VR房源', '房本满五年', '随时看房']","['4室2厅1厨3卫', '低楼层 (共3层)', '318.23㎡', '复式', '300.17㎡', '暂无数据', '南 北', '混合结构', '其他', '十五梯六户', '暂无数据', '有']","['2022-09-23', '商品房', '2014-01-10', '普通住宅', '满五年', '非共有', '\n                                有抵押\n                              ', '已上传房本照片']"
/ershoufang/jimo/,观澜国际 |即墨古城|2室1厅 | 69.99平米 | 南 | 毛坯 | 中楼层(共32层)  | 板楼,0人关注 / 1个月以前发布,48,"6,859元/平","['VR房源', '房本满两年']","['2室1厅1厨1卫', '中楼层 (共32层)', '69.99㎡', '平层', '暂无数据', '板楼', '南', '钢混结构', '毛坯', '两梯六户', '集中供暖', '有']","['2023-09-08', '商品房', '2021-05-12', '普通住宅', '满两年', '非共有', '\n                                无抵押\n                              ', '已上传房本照片']"
/ershoufang/jimo/,创智中粮锦云 |即墨创智新区|3室2厅 | 120.43平米 | 南 | 精装 | 低楼层(共18层)  | 塔楼,0人关注 / 29天以前发布,129,"10,712元/平","['VR看装修', '房本满两年']","['3室2厅1厨2卫', '低楼层 (共18层)', '120.43㎡', '平层', '暂无数据', '塔楼', '南', '钢混结构', '精装', '一梯两户', '集中供暖', '暂无数据']","['2023-09-11', '商品房', '2021-07-01', '普通住宅', '满两年', '共有', '\n                                有抵押 40万元\n                              ', '已上传房本照片']"
/ershoufang/jimo/,中建尚溪地 |即墨蓝谷|3室2厅 | 114.96平米 | 南 北 | 精装 | 低楼层(共3层)  | 板楼,1人关注 / 21天以前发布,87,"7,568元/平","['VR看装修', '房本满五年', '随时看房']","['3室2厅1厨2卫', '低楼层 (共3层)', '114.96㎡', '平层', '98.48㎡', '板楼', '南 北', '钢混结构', '精装', '一梯两户', '自供暖', '无']","['2023-09-19', '商品房', '2013-08-21', '普通住宅', '满五年', '非共有', '\n                                无抵押\n                              ', '已上传房本照片']"
/ershoufang/jimo/,宝龙中央尊邸 |即墨古城|3室1厅 | 124.12平米 | 南 | 简装 | 高楼层(共33层) | 2012年建 | 板塔结合,0人关注 / 3个月以前发布,103,"8,299元/平","['VR看装修', '房本满五年', '随时看房']","['3室1厅1厨2卫', '高楼层 (共33层)', '124.12㎡', '平层', '暂无数据', '板塔结合', '南', '钢混结构', '简装', '两梯三户', '集中供暖', '有']","['2023-07-02', '商品房', '2014-07-08', '普通住宅', '满五年', '非共有', '\n                                无抵押\n                              ', '已上传房本照片']"
/ershoufang/jimo/,德馨珑湖 |即墨古城|3室2厅 | 135.21平米 | 南 北 | 精装 | 低楼层(共17层) | 2010年建 | 塔楼,1人关注 / 4个月以前发布,190,"14,053元/平","['VR房源', '房本满五年', '随时看房']","['3室2厅1厨2卫', '低楼层 (共17层)', '135.21㎡', '平层', '暂无数据', '塔楼', '南 北', '钢混结构', '精装', '两梯三户', '集中供暖', '有']","['2023-05-13', '商品房', '2013-06-01', '普通住宅', '满五年', '非共有', '\n                                无抵押\n                              ', '已上传房本照片']"
/ershoufang/jimo/,绿城岘山花城 |即墨城西|3室2厅 | 139.69平米 | 南 | 毛坯 | 高楼层(共18层) | 2019年建 | 塔楼,0人关注 / 6个月以前发布,170,"12,170元/平","['VR看装修', '房本满两年', '随时看房']","['3室2厅1厨2卫', '高楼层 (共18层)', '139.69㎡', '平层', '暂无数据', '塔楼', '南', '钢混结构', '毛坯', '一梯两户', '集中供暖', '暂无数据']","['2023-03-28', '商品房', '2020-11-30', '普通住宅', '满两年', '非共有', '\n                                有抵押 50万元 中信 业主自还\n                              ', '已上传房本照片']"
/ershoufang/jimo/,绿城岘山花城 |即墨城西|3室2厅 | 119.94平米 | 南 | 精装 | 高楼层(共18层)  | 板楼,2人关注 / 3个月以前发布,129,"10,756元/平","['VR看装修', '房本满两年', '随时看房']","['3室2厅1厨2卫', '高楼层 (共18层)', '119.94㎡', '平层', '暂无数据', '板楼', '南', '钢混结构', '精装', '两梯两户', '集中供暖', '有']","['2023-06-23', '商品房', '2020-06-29', '普通住宅', '满两年', '非共有', '\n                                无抵押\n                              ', '已上传房本照片']"
/ershoufang/jimo/,三盛国际海岸 |即墨蓝谷|3室2厅 | 130平米 | 南 | 毛坯 | 低楼层(共5层) | 2015年建 | 板楼,4人关注 / 一年前发布,103,"7,924元/平","['VR看装修', '房本满五年', '随时看房']","['3室2厅1厨2卫', '低楼层 (共5层)', '130㎡', '平层', '暂无数据', '板楼', '南', '钢混结构', '毛坯', '一梯两户', '集中供暖', '有']","['2019-06-08', '商品房', '2017-08-03', '普通住宅', '满五年', '非共有', '\n                                无抵押\n                              ', '已上传房本照片']"
/ershoufang/jimo/,锦秀苑小区 |即墨古城|3室2厅 | 124.78平米 | 南 | 精装 | 低楼层(共5层)  | 暂无数据,0人关注 / 11个月以前发布,127,"10,178元/平","['VR看装修', '房本满两年', '随时看房']","['3室2厅1厨1卫', '低楼层 (共5层)', '124.78㎡', '平层', '暂无数据', '暂无数据', '南', '钢混结构', '精装', '一梯两户', '集中供暖', '暂无数据']","['2022-10-30', '商品房', '2020-08-11', '普通住宅', '满两年', '非共有', '\n                                有抵押 80万元 农业 客户偿还\n                              ', '已上传房本照片']"
/ershoufang/jimo/,供销二区 |即墨古城|4室1厅 | 122.4平米 | 南 北 | 精装 | 低楼层(共6层)  | 板楼,7人关注 / 一年前发布,114,"9,314元/平","['VR看装修', '房本满五年', '随时看房']","['4室1厅1厨2卫', '低楼层 (共6层)', '122.4㎡', '平层', '暂无数据', '板楼', '南 北', '混合结构', '精装', '两梯两户', '集中供暖', '有']","['2021-12-27', '商品房', '2003-09-30', '普通住宅', '满五年', '非共有', '\n                                无抵押\n                              ', '已上传房本照片']"
/ershoufang/jimo/,海信盟旺世家 |即墨创智新区|3室2厅 | 112.45平米 | 南 | 毛坯 | 高楼层(共12层) | 2017年建 | 板楼,0人关注 / 7个月以前发布,115,"10,227元/平","['VR看装修', '房本满两年', '随时看房']","['3室2厅1厨1卫', '高楼层 (共12层)', '112.45㎡', '平层', '84.78㎡', '板楼', '南', '钢混结构', '毛坯', '一梯两户', '集中供暖', '有']","['2023-02-22', '商品房', '2020-08-26', '普通住宅', '满两年', '非共有', '\n                                无抵押\n                              ', '已上传房本照片']"
/ershoufang/jimo/,中航龙山上苑 |即墨创智新区|3室2厅 | 126.62平米 | 南 | 毛坯 | 中楼层(共5层) | 2016年建 | 板塔结合,0人关注 / 3个月以前发布,139,"10,978元/平","['VR看装修', '房本满五年', '随时看房']","['3室2厅1厨2卫', '中楼层 (共5层)', '126.62㎡', '平层', '暂无数据', '板塔结合', '南', '钢混结构', '毛坯', '一梯两户', '集中供暖', '有']","['2023-06-24', '商品房', '2018-07-12', '普通住宅', '满五年', '非共有', '\n                                有抵押 20万元 工商 业主自还\n                              ', '已上传房本照片']"
/ershoufang/jimo/,壹品华庭 |即墨城西|3室2厅 | 105.53平米 | 南 | 精装 | 中楼层(共11层)  | 板楼,2人关注 / 3个月以前发布,145,"13,741元/平","['VR看装修', '房本满五年', '随时看房']","['3室2厅1厨1卫', '中楼层 (共11层)', '105.53㎡', '平层', '暂无数据', '板楼', '南', '钢混结构', '精装', '一梯两户', '集中供暖', '暂无数据']","['2023-06-20', '商品房', '2011-06-15', '普通住宅', '满五年', '非共有', '\n                                无抵押\n                              ', '已上传房本照片']"
/ershoufang/jimo/,德馨珑湖 |即墨古城|2室2厅 | 94.56平米 | 南 北 | 精装 | 中楼层(共30层) | 2015年建 | 塔楼,0人关注 / 3个月以前发布,77,"8,143元/平","['VR看装修', '房本满两年', '随时看房']","['2室2厅1厨1卫', '中楼层 (共30层)', '94.56㎡', '平层', '暂无数据', '塔楼', '南 北', '钢混结构', '精装', '一梯两户', '集中供暖', '有']","['2023-06-10', '商品房', '2020-04-23', '普通住宅', '满两年', '非共有', '\n                                无抵押\n                              ', '已上传房本照片']"
/ershoufang/jimo/,德馨海棠公馆 |即墨开发区|3室2厅 | 108.66平米 | 南 北 | 毛坯 | 高楼层(共21层) | 2015年建 | 塔楼,0人关注 / 一年前发布,100,"9,204元/平","['VR看装修', '房本满两年', '随时看房']","['3室2厅1厨1卫', '高楼层 (共21层)', '108.66㎡', '平层', '暂无数据', '塔楼', '南 北', '钢混结构', '毛坯', '两梯两户', '集中供暖', '有']","['2022-04-20', '商品房', '2020-11-12', '普通住宅', '满两年', '非共有', '\n                                无抵押\n                              ', '已上传房本照片']"
/ershoufang/jimo/,万科朗润园 |即墨创智新区|4室2厅 | 119平米 | 南 北 | 精装 | 高楼层(共13层) | 2018年建 | 板楼,3人关注 / 5个月以前发布,158,"13,278元/平","['VR房源', '房本满两年', '随时看房']","['4室2厅1厨2卫', '高楼层 (共13层)', '119㎡', '复式', '暂无数据', '板楼', '南 北', '钢混结构', '精装', '一梯两户', '集中供暖', '有']","['2023-04-15', '商品房', '2019-01-21', '普通住宅', '满两年', '非共有', '\n                                有抵押 30万元 招商银行 客户偿还\n                              ', '已上传房本照片']"
/ershoufang/jimo/,大华正信花园 |即墨开发区|3室1厅 | 110.05平米 | 南 北 | 简装 | 低楼层(共5层) | 2010年建 | 板楼,1人关注 / 8个月以前发布,78,"7,088元/平","['VR看装修', '房本满五年', '随时看房']","['3室1厅1厨1卫', '低楼层 (共5层)', '110.05㎡', '平层', '暂无数据', '板楼', '南 北', '钢混结构', '简装', '一梯两户', '集中供暖', '无']","['2023-01-28', '商品房', '2012-10-12', '普通住宅', '满五年', '非共有', '\n                                无抵押\n                              ', '已上传房本照片']"
/ershoufang/jimo/,麗山国际 |即墨创智新区|3室2厅 | 120.9平米 | 南 北 | 精装 | 14层  | 板楼,0人关注 / 2个月以前发布,110,"9,099元/平","['VR看装修', '房本满两年', '随时看房']","['3室2厅1厨2卫', '低楼层 (共14层)', '120.9㎡', '平层', '暂无数据', '板楼', '南 北', '钢混结构', '精装', '一梯两户', '集中供暖', '暂无数据']","['2023-07-12', '商品房', '2020-06-28', '普通住宅', '满两年', '非共有', '\n                                有抵押 40万元 业主自还\n                              ', '已上传房本照片']"
